,"1 Archiving [Problem/Logical::DM Subsystem Structure::2 Components::1 Services::1 Prompt Services]","2 Planned Observation Publication [Problem/Logical::DM Subsystem Structure::2 Components::1 Services::1 Prompt Services]","3 Prompt Processing [Problem/Logical::DM Subsystem Structure::2 Components::1 Services::1 Prompt Services]","4 Observatory Operations Data [Problem/Logical::DM Subsystem Structure::2 Components::1 Services::1 Prompt Services]","5 OCS-Driven Batch [Problem/Logical::DM Subsystem Structure::2 Components::1 Services::1 Prompt Services]","6 Telemetry Gateway [Problem/Logical::DM Subsystem Structure::2 Components::1 Services::1 Prompt Services]","7 Alert Distribution [Problem/Logical::DM Subsystem Structure::2 Components::1 Services::1 Prompt Services]","8 Prompt Quality Control [Problem/Logical::DM Subsystem Structure::2 Components::1 Services::1 Prompt Services]","1 Batch Production [Problem/Logical::DM Subsystem Structure::2 Components::1 Services::2 Offline Services]","2 Offline Quality Control [Problem/Logical::DM Subsystem Structure::2 Components::1 Services::2 Offline Services]","3 Bulk Distribution [Problem/Logical::DM Subsystem Structure::2 Components::1 Services::2 Offline Services]","1 DBB Ingest/Metadata Management [Problem/Logical::DM Subsystem Structure::2 Components::1 Services::3 Backbone Services]","2 DBB Lifetime Management [Problem/Logical::DM Subsystem Structure::2 Components::1 Services::3 Backbone Services]","3 DBB Transport/Replication/Backup [Problem/Logical::DM Subsystem Structure::2 Components::1 Services::3 Backbone Services]","4 DBB Storage [Problem/Logical::DM Subsystem Structure::2 Components::1 Services::3 Backbone Services]","2 LSP Portal [Problem/Logical::DM Subsystem Structure::2 Components::1 Services::4 LSP Services]","3 LSP JupyterLab [Problem/Logical::DM Subsystem Structure::2 Components::1 Services::4 LSP Services]","4 LSP Web API [Problem/Logical::DM Subsystem Structure::2 Components::1 Services::4 LSP Services]","Alert Distribution SW [Problem/Logical::DM Subsystem Structure::2 Components::2 Software Products::1 Prompt SW Products]","EFD Transformation [Problem/Logical::DM Subsystem Structure::2 Components::2 Software Products::1 Prompt SW Products]","Header Service SW [Problem/Logical::DM Subsystem Structure::2 Components::2 Software Products::1 Prompt SW Products]","Image Ingest and Processing [Problem/Logical::DM Subsystem Structure::2 Components::2 Software Products::1 Prompt SW Products]","Observatory Operations Data Service SW [Problem/Logical::DM Subsystem Structure::2 Components::2 Software Products::1 Prompt SW Products]","OCS Batch SW [Problem/Logical::DM Subsystem Structure::2 Components::2 Software Products::1 Prompt SW Products]","Planned Observation Publication SW [Problem/Logical::DM Subsystem Structure::2 Components::2 Software Products::1 Prompt SW Products]","Campaign Management [Problem/Logical::DM Subsystem Structure::2 Components::2 Software Products::2 Batch Production Products]","Workload/Workflow [Problem/Logical::DM Subsystem Structure::2 Components::2 Software Products::2 Batch Production Products]","3 Quality Control SW [Problem/Logical::DM Subsystem Structure::2 Components::2 Software Products::3 Quality Control Products]","DBB Ingest/Metadata Management SW [Problem/Logical::DM Subsystem Structure::2 Components::2 Software Products::4 Backbone SW Products]","DBB Lifetime Management SW [Problem/Logical::DM Subsystem Structure::2 Components::2 Software Products::4 Backbone SW Products]","DBB Transport/Replication/Backup SW [Problem/Logical::DM Subsystem Structure::2 Components::2 Software Products::4 Backbone SW Products]","1 LSP Portal and SUIT [Problem/Logical::DM Subsystem Structure::2 Components::2 Software Products::5 LSP SW Products]","2 LSP JupyterLab SW [Problem/Logical::DM Subsystem Structure::2 Components::2 Software Products::5 LSP SW Products]","3 LSP Web API SW [Problem/Logical::DM Subsystem Structure::2 Components::2 Software Products::5 LSP SW Products]","1 Alert Production [Problem/Logical::DM Subsystem Structure::2 Components::2 Software Products::6 Science Pipeline SW Products]","2 MOPS and Forced Photometry [Problem/Logical::DM Subsystem Structure::2 Components::2 Software Products::6 Science Pipeline SW Products]","3 Raw Calibration Validation [Problem/Logical::DM Subsystem Structure::2 Components::2 Software Products::6 Science Pipeline SW Products]","4 Daily Calibration Update [Problem/Logical::DM Subsystem Structure::2 Components::2 Software Products::6 Science Pipeline SW Products]","5 Periodic Calibration [Problem/Logical::DM Subsystem Structure::2 Components::2 Software Products::6 Science Pipeline SW Products]","6 Special Programs Productions [Problem/Logical::DM Subsystem Structure::2 Components::2 Software Products::6 Science Pipeline SW Products]","7 Template Generation [Problem/Logical::DM Subsystem Structure::2 Components::2 Software Products::6 Science Pipeline SW Products]","8 Annual Calibration [Problem/Logical::DM Subsystem Structure::2 Components::2 Software Products::6 Science Pipeline SW Products]","9 Data Release Production [Problem/Logical::DM Subsystem Structure::2 Components::2 Software Products::6 Science Pipeline SW Products]","1 Science Pipelines Libraries [Problem/Logical::DM Subsystem Structure::2 Components::2 Software Products::7 Supporting SW Products]","2 Data Butler [Problem/Logical::DM Subsystem Structure::2 Components::2 Software Products::7 Supporting SW Products]","3 Task Framework [Problem/Logical::DM Subsystem Structure::2 Components::2 Software Products::7 Supporting SW Products]","4 Distributed Database [Problem/Logical::DM Subsystem Structure::2 Components::2 Software Products::7 Supporting SW Products]","5 ADQL Translator [Problem/Logical::DM Subsystem Structure::2 Components::2 Software Products::7 Supporting SW Products]","6 Firefly [Problem/Logical::DM Subsystem Structure::2 Components::2 Software Products::7 Supporting SW Products]","7 Image/Cutout Server [Problem/Logical::DM Subsystem Structure::2 Components::2 Software Products::7 Supporting SW Products]","1 Summit to Base Network [Problem/Logical::DM Subsystem Structure::2 Components::3 Infrastructure::1 Networks]","2 Base to Archive Network [Problem/Logical::DM Subsystem Structure::2 Components::3 Infrastructure::1 Networks]","3 Base LAN Network [Problem/Logical::DM Subsystem Structure::2 Components::3 Infrastructure::1 Networks]","4 NCSA LAN Network [Problem/Logical::DM Subsystem Structure::2 Components::3 Infrastructure::1 Networks]","5 Network Management [Problem/Logical::DM Subsystem Structure::2 Components::3 Infrastructure::1 Networks]","Base Facility [Problem/Logical::DM Subsystem Structure::2 Components::3 Infrastructure::2 Facilities]","NCSA Facility [Problem/Logical::DM Subsystem Structure::2 Components::3 Infrastructure::2 Facilities]","Archive Base Enclave [Problem/Logical::DM Subsystem Structure::2 Components::3 Infrastructure::3 Enclaves]","Archive NCSA Enclave [Problem/Logical::DM Subsystem Structure::2 Components::3 Infrastructure::3 Enclaves]","Commissioning Cluster Enclave [Problem/Logical::DM Subsystem Structure::2 Components::3 Infrastructure::3 Enclaves]","DAC Chile Enclave [Problem/Logical::DM Subsystem Structure::2 Components::3 Infrastructure::3 Enclaves]","DAC US Enclave [Problem/Logical::DM Subsystem Structure::2 Components::3 Infrastructure::3 Enclaves]","Offline Production Enclave [Problem/Logical::DM Subsystem Structure::2 Components::3 Infrastructure::3 Enclaves]","Prompt Base Enclave [Problem/Logical::DM Subsystem Structure::2 Components::3 Infrastructure::3 Enclaves]","Prompt NCSA Enclave [Problem/Logical::DM Subsystem Structure::2 Components::3 Infrastructure::3 Enclaves]"
"DMS-REQ-0326 06 Storing Approximations of Per-pixel Metadata [Requirements::System Requirements::LSE-61 Data Management System (DMS) Requirements::1 Data Products::1 General Considerations]",,,,,,,,,,,,,,,,,,,,,,,,,,,,,,,,,,,,,,,,,,,"<-",,,,,,,,,,,,,,,,,,,,,,
"DMS-REQ-0331 03 Computing Derived Quantities [Requirements::System Requirements::LSE-61 Data Management System (DMS) Requirements::1 Data Products::1 General Considerations]",,,,,,,,,,,,,,,,,,"<-",,,,,,,,,,,,,,,,"<-",,,,,,,,,"<-",,,,"<-","<-",,,,,,,,,,,,,,,,,
"DMS-REQ-0332 04 Denormalizing Database Tables [Requirements::System Requirements::LSE-61 Data Management System (DMS) Requirements::1 Data Products::1 General Considerations]",,,,,,,,,,,,,,,,,,"<-",,,,,,,,,,,,,,,,"<-",,,,,,,,,,,,,"<-",,,,,,,,,,,,,,,,,,
"DMS-REQ-0333 05 Maximum Likelihood Values and Covariances [Requirements::System Requirements::LSE-61 Data Management System (DMS) Requirements::1 Data Products::1 General Considerations]",,,,,,,,,,,,,,,,,,,,,,,,,,,,,,,,,,,"<-",,,,,,,,"<-",,,,"<-",,,,,,,,,,,,,,,,,,
"DMS-REQ-0346 01 Data Availability [Requirements::System Requirements::LSE-61 Data Management System (DMS) Requirements::1 Data Products::1 General Considerations]","<-",,"<-","<-",,,,,,,"<-","<-","<-",,"<-",,,"<-",,"<-",,"<-","<-",,,,,,"<-","<-",,,,"<-",,,,,,,,,,,,,,,,"<-",,,,,,,,,,,,,,,
"DMS-REQ-0347 02 Measurements in catalogs [Requirements::System Requirements::LSE-61 Data Management System (DMS) Requirements::1 Data Products::1 General Considerations]",,,,,,,,,,,,,,,,,,"<-",,,,,,,,,,,,,,,,"<-","<-",,,,,,,,"<-",,,,"<-",,,,,,,,,,,,,,,,,,
"DMS-REQ-0018 02 Raw Science Image Data Acquisition [Requirements::System Requirements::LSE-61 Data Management System (DMS) Requirements::1 Data Products::2 Data Acquisition]","<-",,,,,,,,,,,,,,,,,,,,,"<-",,,,,,,,,,,,,,,,,,,,,,,,,,,,,,,,,,,,,,,,,,"<-",
"DMS-REQ-0020 05 Wavefront Sensor Data Acquisition [Requirements::System Requirements::LSE-61 Data Management System (DMS) Requirements::1 Data Products::2 Data Acquisition]","<-",,,,,,,,,,,,,,,,,,,,,"<-",,,,,,,,,,,,,,,,,,,,,,,,,,,,,,,,,,,,,,,,,,"<-",
"DMS-REQ-0022 04 Crosstalk Corrected Science Image Data Acquisition [Requirements::System Requirements::LSE-61 Data Management System (DMS) Requirements::1 Data Products::2 Data Acquisition]",,,"<-",,,,,,,,,,,,,,,,,,,"<-",,,,,,,,,,,,,,,,,,,,,,,,,,,,,,,,,,,,,,,,,,"<-",
"DMS-REQ-0024 01 Raw Image Assembly [Requirements::System Requirements::LSE-61 Data Management System (DMS) Requirements::1 Data Products::2 Data Acquisition]","<-",,,,,,,,,,,,,,,,,,,,,"<-",,,,,,,,,,,,,,,,,,,,,,,,,,,,,,,,,,,,,,,,,,"<-",
"DMS-REQ-0068 03 Raw Science Image Metadata [Requirements::System Requirements::LSE-61 Data Management System (DMS) Requirements::1 Data Products::2 Data Acquisition]","<-",,,,,,,,,,,"<-",,,,,,,,,,"<-",,,,,,,"<-",,,,,,,,,,,,,,,,,,,,,,,,,,,,,,,,,,,"<-",
"DMS-REQ-0265 06 Guider Calibration Data Acquisition [Requirements::System Requirements::LSE-61 Data Management System (DMS) Requirements::1 Data Products::2 Data Acquisition]","<-",,,,"<-",,,,,,,,,,,,,,,,,"<-",,"<-",,,,,,,,,,,,,"<-","<-","<-",,,"<-",,,,,,,,,,,,,,,,,,,,,,"<-",
"DMS-REQ-0004 01 Nightly Data Accessible Within 24 hrs [Requirements::System Requirements::LSE-61 Data Management System (DMS) Requirements::1 Data Products::3 Level 1 Data Products]",,,"<-",,,,"<-",,,,,,,,,,,,"<-","<-",,"<-",,,,,,,,,,,,,"<-","<-",,,,,,,,,,,,,,,,,,,,,,"<-","<-",,"<-","<-","<-","<-","<-"
"DMS-REQ-0010 03 Difference Exposures [Requirements::System Requirements::LSE-61 Data Management System (DMS) Requirements::1 Data Products::3 Level 1 Data Products]",,,,,,,,,,,,,,,,,,,,,,,,,,,,,,,,,,,"<-",,,,,,,,,,,,,,,,,,,,,,,"<-","<-",,,,,,"<-"
"DMS-REQ-0074 Difference Exposure Attributes [Requirements::System Requirements::LSE-61 Data Management System (DMS) Requirements::1 Data Products::3 Level 1 Data Products::03 Difference Exposures]",,,,,,,,,,,,"<-",,,,,,,,,,,,,,,,,"<-",,,,,,"<-",,,,,,,,,,,,,,,,,,,,,,,,,,,,,,"<-"
"DMS-REQ-0069 02 Processed Visit Images [Requirements::System Requirements::LSE-61 Data Management System (DMS) Requirements::1 Data Products::3 Level 1 Data Products]",,,,,,,,,,,,,,,,,,,,,,,,,,,,,,,,,,,"<-",,,,,,,,,,,,,,,,,,,,,,,"<-","<-",,,,,,"<-"
"DMS-REQ-0029 02 Generate Photometric Zeropoint for Visit Image [Requirements::System Requirements::LSE-61 Data Management System (DMS) Requirements::1 Data Products::3 Level 1 Data Products::02 Processed Visit Images]",,,,,,,,,,,,,,,,,,,,,,,,,,,,,,,,,,,"<-",,,,,,,,,,,,,,,,,,,,,,,"<-","<-",,,,,,"<-"
"DMS-REQ-0030 04 Generate WCS for Visit Images [Requirements::System Requirements::LSE-61 Data Management System (DMS) Requirements::1 Data Products::3 Level 1 Data Products::02 Processed Visit Images]",,,,,,,,,,,,,,,,,,,,,,,,,,,,,,,,,,,"<-",,,,,,,,,,,,,,,,,,,,,,,"<-","<-",,,,,,"<-"
"DMS-REQ-0070 03 Generate PSF for Visit Images [Requirements::System Requirements::LSE-61 Data Management System (DMS) Requirements::1 Data Products::3 Level 1 Data Products::02 Processed Visit Images]",,,,,,,,,,,,,,,,,,,,,,,,,,,,,,,,,,,"<-",,,,,,,,,,,,,,,,,,,,,,,,,,,,,,"<-"
"DMS-REQ-0072 06 Processed Visit Image Content [Requirements::System Requirements::LSE-61 Data Management System (DMS) Requirements::1 Data Products::3 Level 1 Data Products::02 Processed Visit Images]",,,,,,,,,,,,,,,,,,,,,,,,,,,,,,,,,,,"<-",,,,,,,,,,,,,,,,,,,,,,,,,,,,,,"<-"
"DMS-REQ-0327 01 Background Model Calculation [Requirements::System Requirements::LSE-61 Data Management System (DMS) Requirements::1 Data Products::3 Level 1 Data Products::02 Processed Visit Images]",,,,,,,,,,,,,,,,,,,,,,,,,,,,,,,,,,,"<-",,,,,,,,,,,,,,,,,,,,,,,"<-","<-",,,,,,"<-"
"DMS-REQ-0328 05 Documenting Image Characterization [Requirements::System Requirements::LSE-61 Data Management System (DMS) Requirements::1 Data Products::3 Level 1 Data Products::02 Processed Visit Images]",,,,,,,,,,,,,,,,,,,,,,,,,,,,,,,,,,,"<-",,,,,,,,,,,,,,,,,,,,,,,,,,,,,,"<-"
"DMS-REQ-0097 14 Level 1 Data Quality Report Definition [Requirements::System Requirements::LSE-61 Data Management System (DMS) Requirements::1 Data Products::3 Level 1 Data Products]",,,,,,,,"<-",,,,,,,,,,,,,,,,,,,,"<-",,,,,,,"<-",,,,,,,,,,,,,,,,,,,,,,,,,,,,,"<-","<-"
"DMS-REQ-0099 15 Level 1 Performance Report Definition [Requirements::System Requirements::LSE-61 Data Management System (DMS) Requirements::1 Data Products::3 Level 1 Data Products]","<-",,"<-",,,,,"<-",,,,,,,,,,,,,,"<-",,,,,,"<-",,,,,,,,,,,,,,,,,,,,,,,,,,,,,,,,,,,,"<-","<-"
"DMS-REQ-0101 16 Level 1 Calibration Report Definition [Requirements::System Requirements::LSE-61 Data Management System (DMS) Requirements::1 Data Products::3 Level 1 Data Products]",,,,,"<-",,,"<-",,,,,,,,,,,,,,,,"<-",,,,"<-",,,,,,,,,"<-","<-",,,,,,,,,,,,,,,,,,,,,,,,,,"<-","<-"
"DMS-REQ-0266 04 Exposure Catalog [Requirements::System Requirements::LSE-61 Data Management System (DMS) Requirements::1 Data Products::3 Level 1 Data Products]",,,,,,,,,,,,"<-",,,,,,,,,"<-",,,,,,,,"<-",,,,,,"<-",,,,,,,,,,,,,,,,,,,,,,,"<-","<-",,,,,,"<-"
"DMS-REQ-0269 05 DIASource Catalog [Requirements::System Requirements::LSE-61 Data Management System (DMS) Requirements::1 Data Products::3 Level 1 Data Products]",,,,,,,,,,,,"<-",,,,,,,,,,,,,,,,,"<-",,,,,,"<-",,,,,,,,,,,,,,,,,,,,,,,"<-","<-",,,,,,"<-"
"DMS-REQ-0270 06 Faint DIASource Measurements [Requirements::System Requirements::LSE-61 Data Management System (DMS) Requirements::1 Data Products::3 Level 1 Data Products]",,,,,,,,,,,,,,,,,,,,,,,,,,,,,,,,,,,"<-",,,,,,,,,,,,,,,,,,,,,,,"<-","<-",,,,,,"<-"
"DMS-REQ-0271 08 DIAObject Catalog [Requirements::System Requirements::LSE-61 Data Management System (DMS) Requirements::1 Data Products::3 Level 1 Data Products]",,,,,,,,,,,,"<-",,,,,,,,,,,,,,,,,"<-",,,,,,"<-",,,,,,,,,,,,,,,,,,,,,,,"<-","<-",,,,,,"<-"
"DMS-REQ-0272 DIAObject Attributes [Requirements::System Requirements::LSE-61 Data Management System (DMS) Requirements::1 Data Products::3 Level 1 Data Products::08 DIAObject Catalog]",,,,,,,,,,,,,,,,,,,,,,,,,,,,,,,,,,,"<-",,,,,,,,,,,,,,,,,,,,,,,"<-","<-",,,,,,"<-"
"DMS-REQ-0273 09 SSObject Catalog [Requirements::System Requirements::LSE-61 Data Management System (DMS) Requirements::1 Data Products::3 Level 1 Data Products]",,,,,,,,,,,,"<-",,,,,,,,,,,,,,,,,"<-",,,,,,,"<-",,,,,,,,,,,,,,,,,,,,,,"<-","<-",,,,,,"<-"
"DMS-REQ-0274 13 Alert Content [Requirements::System Requirements::LSE-61 Data Management System (DMS) Requirements::1 Data Products::3 Level 1 Data Products]",,,,,,,,,,,,,,,,,,,,,,,,,,,,,,,,,,,"<-",,,,,,,,,,,,,,,,,,,,,,,"<-","<-",,,,,,"<-"
"DMS-REQ-0317 11 DIAForcedSource Catalog [Requirements::System Requirements::LSE-61 Data Management System (DMS) Requirements::1 Data Products::3 Level 1 Data Products]",,,,,,,,,,,,"<-",,,,,,,,,,,,,,,,,"<-",,,,,,"<-","<-",,,,,,,,,,,,,,,,,,,,,,"<-","<-",,,,,,"<-"
"DMS-REQ-0319 07 Characterizing Variability [Requirements::System Requirements::LSE-61 Data Management System (DMS) Requirements::1 Data Products::3 Level 1 Data Products]",,,,,,,,,,,,,,,,,,,,,,,,,,,,,,,,,,,"<-","<-",,,,,,,,,,,,,,,,,,,,,,,,,,,,,"<-"
"DMS-REQ-0323 10 Calculating SSObject Parameters [Requirements::System Requirements::LSE-61 Data Management System (DMS) Requirements::1 Data Products::3 Level 1 Data Products]",,,,,,,,,,,,,,,,,,"<-",,,,,,,,,,,,,,,,"<-",,,,,,,,,,,,,,"<-",,,,,,,,,,,,,"<-","<-",,,
"DMS-REQ-0324 12 Matching DIASources to Objects [Requirements::System Requirements::LSE-61 Data Management System (DMS) Requirements::1 Data Products::3 Level 1 Data Products]",,,,,,,,,,,,,,,,,,"<-",,,,,,,,,,,,,,,,"<-","<-",,,,,,,,,,,,,,,,,,,,,,,"<-","<-",,"<-","<-",,,
"DMS-REQ-0325 17 Regenerating L1 Data Products During Data Release Processing [Requirements::System Requirements::LSE-61 Data Management System (DMS) Requirements::1 Data Products::3 Level 1 Data Products]",,,,,,,,,,,,,,,,,,,,,,,,,,,,,,,,,,,,,,,,,,,"<-",,,,,,,,,,,,,,,,,,,,"<-",,
"DMS-REQ-0353 18 Publishing predicted visit schedule [Requirements::System Requirements::LSE-61 Data Management System (DMS) Requirements::1 Data Products::3 Level 1 Data Products]",,"<-",,,,,,,,,,,,,,,,,,,,,,,"<-",,,,,,,,,,,,,,,,,,,,,,,,,,,,,,,,,,,,,,,"<-",
"DMS-REQ-0034 04 Associate Sources to Objects [Requirements::System Requirements::LSE-61 Data Management System (DMS) Requirements::1 Data Products::4 Level 2 Data Products]",,,,,,,,,,,,,,,,,,,,,,,,,,,,,,,,,,,,,,,,,,,"<-",,,,,,,,,,,,,,,,,,,,"<-",,
"DMS-REQ-0047 13 Provide PSF for Coadded Images [Requirements::System Requirements::LSE-61 Data Management System (DMS) Requirements::1 Data Products::4 Level 2 Data Products]",,,,,,,,,,,,,,,,,,,,,,,,,,,,,,,,,,,,,,,,,,,"<-",,,,,,,,,,,,,,,,,,,,"<-",,
"DMS-REQ-0103 18 Produce Images for EPO [Requirements::System Requirements::LSE-61 Data Management System (DMS) Requirements::1 Data Products::4 Level 2 Data Products]",,,,,,,,,,,,,,,,,,,,,,,,,,,,,,,,,,,,,,,,,,,"<-",,,,,,,,,,,,,,,,,,,,"<-",,
"DMS-REQ-0106 14 Coadded Image Provenance [Requirements::System Requirements::LSE-61 Data Management System (DMS) Requirements::1 Data Products::4 Level 2 Data Products]",,,,,,,,,,,,,,,,,,,,,,,,,,,,,,,,,,,,,,,,,,,"<-",,,,,,,,,,,,,,,"<-","<-",,,,"<-",,
"DMS-REQ-0267 02 Source Catalog [Requirements::System Requirements::LSE-61 Data Management System (DMS) Requirements::1 Data Products::4 Level 2 Data Products]",,,,,,,,,,,,,,,,,,,,,,,,,,,,,,,,,,,,,,,,,,,"<-",,,,"<-",,,,,,,,,,,"<-","<-",,,,"<-",,
"DMS-REQ-0268 16 Forced-Source Catalog [Requirements::System Requirements::LSE-61 Data Management System (DMS) Requirements::1 Data Products::4 Level 2 Data Products]",,,,,,,,,,,,,,,,,,,,,,,,,,,,,,,,,,,,,,,,,,,"<-",,,,"<-",,,,,,,,,,,"<-","<-",,,,"<-",,
"DMS-REQ-0275 03 Object Catalog [Requirements::System Requirements::LSE-61 Data Management System (DMS) Requirements::1 Data Products::4 Level 2 Data Products]",,,,,,,,,,,,,,,,,,,,,,,,,,,,,,,,,,,,,,,,,,,"<-",,,,"<-",,,,,,,,,,,"<-","<-",,,,"<-",,
"DMS-REQ-0046 01 Provide Photometric Redshifts of Galaxies [Requirements::System Requirements::LSE-61 Data Management System (DMS) Requirements::1 Data Products::4 Level 2 Data Products::03 Object Catalog]",,,,,,,,,,,,,,,,,,,,,,,,,,,,,,,,,,,,,,,,,,,"<-",,,,"<-",,,,,,,,,,,,,,,,"<-",,
"DMS-REQ-0276 02 Object Characterization [Requirements::System Requirements::LSE-61 Data Management System (DMS) Requirements::1 Data Products::4 Level 2 Data Products::03 Object Catalog]",,,,,,,,,,,,,,,,,,,,,,,,,,,,,,,,,,,,,,,,,,,"<-",,,,"<-",,,,,,,,,,,,,,,,,,
"DMS-REQ-0277 15 Coadd Source Catalog [Requirements::System Requirements::LSE-61 Data Management System (DMS) Requirements::1 Data Products::4 Level 2 Data Products]",,,,,,,,,,,,,,,,,,,,,,,,,,,,,,,,,,,,,,,,,,,"<-",,,,"<-",,,,,,,,,,,,,,,,"<-",,
"DMS-REQ-0349 Detecting extended  low surface brightness objects [Requirements::System Requirements::LSE-61 Data Management System (DMS) Requirements::1 Data Products::4 Level 2 Data Products::15 Coadd Source Catalog]",,,,,,,,,,,,,,,,,,,,,,,,,,,,,,,,,,,,,,,,,,,"<-",,,,,,,,,,,,,,,,,,,,,,
"DMS-REQ-0278 12 Coadd Image Method Constraints [Requirements::System Requirements::LSE-61 Data Management System (DMS) Requirements::1 Data Products::4 Level 2 Data Products]",,,,,,,,,,,,,,,,,,,,,,,,,,,,,,,,,,,,,,,,,,,"<-",,,,,,,,,,,,,,,,,,,,"<-",,
"DMS-REQ-0279 05 Deep Detection Coadds [Requirements::System Requirements::LSE-61 Data Management System (DMS) Requirements::1 Data Products::4 Level 2 Data Products]",,,,,,,,,,,,,,,,,,,,,,,,,,,,,,,,,,,,,,,,,,,"<-",,,,,,,,,,,,,,,,,,,,"<-",,
"DMS-REQ-0280 06 Template Coadds [Requirements::System Requirements::LSE-61 Data Management System (DMS) Requirements::1 Data Products::4 Level 2 Data Products]",,,,,,,,,,,,,,,,,,,,,,,,,,,,,,,,,,,,,,,,,"<-",,"<-",,,,,,,,,,,,,,,,,,,,"<-",,
"DMS-REQ-0281 07 Multi-band Coadds [Requirements::System Requirements::LSE-61 Data Management System (DMS) Requirements::1 Data Products::4 Level 2 Data Products]",,,,,,,,,,,,,,,,,,,,,,,,,,,,,,,,,,,,,,,,,,,"<-",,,,,,,,,,,,,,,,,,,,"<-",,
"DMS-REQ-0329 19 All-Sky Visualization of Data Releases [Requirements::System Requirements::LSE-61 Data Management System (DMS) Requirements::1 Data Products::4 Level 2 Data Products]",,,,,,,,,,,,,,,,,,,,,,,,,,,,,,,,,,,,,,,,,,,"<-",,,,,,,,,,,,,,,,,,,,"<-",,
"DMS-REQ-0330 08 Best Seeing Coadds [Requirements::System Requirements::LSE-61 Data Management System (DMS) Requirements::1 Data Products::4 Level 2 Data Products]",,,,,,,,,,,,,,,,,,,,,,,,,,,,,,,,,,,,,,,,,,,"<-",,,,,,,,,,,,,,,,,,,,"<-",,
"DMS-REQ-0334 01 Persisting Data Products [Requirements::System Requirements::LSE-61 Data Management System (DMS) Requirements::1 Data Products::4 Level 2 Data Products]",,,,,,,,,,,,"<-","<-",,"<-",,,"<-",,,,,,,,,,,"<-","<-",,,,"<-",,,,,,,,,,,,,,,,"<-",,,,,,,,"<-","<-",,"<-","<-","<-",,
"DMS-REQ-0335 09 PSF-Matched Coadds [Requirements::System Requirements::LSE-61 Data Management System (DMS) Requirements::1 Data Products::4 Level 2 Data Products]",,,,,,,,,,,,,,,,,,,,,,,,,,,,,,,,,,,,,,,,,,,"<-",,,,,,,,,,,,,,,,,,,,"<-",,
"DMS-REQ-0337 10 Detecting faint variable objects [Requirements::System Requirements::LSE-61 Data Management System (DMS) Requirements::1 Data Products::4 Level 2 Data Products]",,,,,,,,,,,,,,,,,,,,,,,,,,,,,,,,,,,,,,,,,,,"<-",,,,,,,,,,,,,,,,,,,,,,
"DMS-REQ-0338 11 Targeted Coadds [Requirements::System Requirements::LSE-61 Data Management System (DMS) Requirements::1 Data Products::4 Level 2 Data Products]",,,,,,,,,,,,"<-","<-",,"<-",,,"<-",,,,,,,,,,,"<-","<-",,,,"<-",,,,,,,,,,,,,,,,"<-",,,,,,,,"<-","<-",,"<-","<-",,,
"DMS-REQ-0339 17 Tracking Characterization Changes Between Data Releases [Requirements::System Requirements::LSE-61 Data Management System (DMS) Requirements::1 Data Products::4 Level 2 Data Products]",,,,,,,,,,,,"<-","<-",,,,,"<-",,,,,,,,,,,"<-","<-",,,,"<-",,,,,,,,,,,,,,,,"<-",,,,,,,,,,,"<-","<-",,,
"DMS-REQ-0059 03 Bad Pixel Map [Requirements::System Requirements::LSE-61 Data Management System (DMS) Requirements::1 Data Products::5 Calibration Data Products]",,,,,,,,,,,,,,,,,,,,,,,,,,,,,,,,,,,,,,"<-","<-",,,"<-",,,,,,,,,,,,,,,,,,,,,"<-",,
"DMS-REQ-0060 04 Bias Residual Image [Requirements::System Requirements::LSE-61 Data Management System (DMS) Requirements::1 Data Products::5 Calibration Data Products]",,,,,,,,,,,,,,,,,,,,,,,,,,,,,,,,,,,,,,"<-","<-",,,"<-",,,,,,,,,,,,,,,,,,,,,"<-",,
"DMS-REQ-0061 05 Crosstalk Correction Matrix [Requirements::System Requirements::LSE-61 Data Management System (DMS) Requirements::1 Data Products::5 Calibration Data Products]",,,,,,,,,,,,,,,,,,,,,,,,,,,,,,,,,,,,,,"<-","<-",,,"<-",,,,,,,,,,,,,,,,,,,,,"<-",,
"DMS-REQ-0062 08 Illumination Correction Frame [Requirements::System Requirements::LSE-61 Data Management System (DMS) Requirements::1 Data Products::5 Calibration Data Products]",,,,,,,,,,,,,,,,,,,,,,,,,,,,,,,,,,,,,,"<-","<-",,,"<-",,,,,,,,,,,,,,,,,,,,,"<-",,
"DMS-REQ-0063 07 Monochromatic Flatfield Data Cube [Requirements::System Requirements::LSE-61 Data Management System (DMS) Requirements::1 Data Products::5 Calibration Data Products]",,,,,,,,,,,,,,,,,,,,,,,,,,,,,,,,,,,,,,"<-","<-",,,"<-",,,,,,,,,,,,,,,,,,,,,"<-",,
"DMS-REQ-0130 01 Calibration Data Products [Requirements::System Requirements::LSE-61 Data Management System (DMS) Requirements::1 Data Products::5 Calibration Data Products]",,,,,,,,,,,,"<-",,,"<-",,,,,,,,,,,,,,"<-",,,,,,,,,"<-","<-",,,"<-",,,,,,,,,,,,,,,,,,,,,"<-",,
"DMS-REQ-0132 02 Calibration Image Provenance [Requirements::System Requirements::LSE-61 Data Management System (DMS) Requirements::1 Data Products::5 Calibration Data Products]",,,,,,,,,,,,"<-",,,,,,,,,,,,,,,,,"<-",,,,,,,,,"<-","<-",,,"<-",,,,,,,,,,,,,,,,,,,,,"<-",,
"DMS-REQ-0282 06 Dark Current Correction Frame [Requirements::System Requirements::LSE-61 Data Management System (DMS) Requirements::1 Data Products::5 Calibration Data Products]",,,,,,,,,,,,,,,,,,,,,,,,,,,,,,,,,,,,,,"<-","<-",,,"<-",,,,,,,,,,,,,,,,,,,,,"<-",,
"DMS-REQ-0283 09 Fringe Correction Frame [Requirements::System Requirements::LSE-61 Data Management System (DMS) Requirements::1 Data Products::5 Calibration Data Products]",,,,,,,,,,,,,,,,,,,,,,,,,,,,,,,,,,,,,,"<-","<-",,,"<-",,,,,,,,,,,,,,,,,,,,,"<-",,
"DMS-REQ-0320 01 Processing of Data From Special Programs [Requirements::System Requirements::LSE-61 Data Management System (DMS) Requirements::1 Data Products::6 Special Programs]",,,,,,,,,,,,,,,,,,,,,,,,,,,,,,,,,,,,,,,,"<-",,,"<-",,,"<-",,,,,,,,,,,,,,,,,"<-",,"<-"
"DMS-REQ-0321 02 Level 1 Processing of Special Programs Data [Requirements::System Requirements::LSE-61 Data Management System (DMS) Requirements::1 Data Products::6 Special Programs]",,,"<-",,,,,,,,,,,,,,,,,,,"<-",,,,,,,,,,,,,"<-","<-",,,,,,,,,,,,,,,,,,,,,,,,,,,,,"<-"
"DMS-REQ-0322 04 Special Programs Database [Requirements::System Requirements::LSE-61 Data Management System (DMS) Requirements::1 Data Products::6 Special Programs]",,,,,,,,,,,,"<-",,,,,,"<-",,,,,,,,,,,"<-",,,,,"<-",,,,,,"<-",,,,,,,"<-","<-",,,,,,,,,,"<-","<-",,"<-","<-",,,
"DMS-REQ-0344 03 Constraints on Level 1 Special Program Products Generation [Requirements::System Requirements::LSE-61 Data Management System (DMS) Requirements::1 Data Products::6 Special Programs]",,,"<-",,,,,,,,,,,"<-","<-",,,"<-",,,,"<-",,,,,,,,,"<-",,,"<-","<-","<-",,,,,,,,,,,,,,,,,,,,,,"<-","<-",,"<-","<-",,,"<-"
"DMS-REQ-0291 01 Query Repeatability [Requirements::System Requirements::LSE-61 Data Management System (DMS) Requirements::2 Productions::0 General Considerations]",,,,,,,,,,,,"<-",,,,,,"<-",,,,,,,,,,,"<-",,,,,"<-",,,,,,,,,,,,,"<-","<-",,,,,,,,,,"<-","<-",,"<-","<-",,,
"DMS-REQ-0292 02 Uniqueness of IDs Across Data Releases [Requirements::System Requirements::LSE-61 Data Management System (DMS) Requirements::2 Productions::0 General Considerations]",,,,,,,,,,,,"<-",,,,,,"<-",,,,,,,,,,,"<-",,,,,"<-",,,,,,,,,,,,,"<-",,,,,,,,,,,,,,,,,,
"DMS-REQ-0293 03 Selection of Datasets [Requirements::System Requirements::LSE-61 Data Management System (DMS) Requirements::2 Productions::0 General Considerations]",,,,,,,,,,,,"<-",,,,,,"<-",,,,,,,,,,,"<-",,,,,"<-",,,,,,,,,,,"<-",,"<-",,,"<-",,,,,,,,,,,,,,,
"DMS-REQ-0294 04 Processing of Datasets [Requirements::System Requirements::LSE-61 Data Management System (DMS) Requirements::2 Productions::0 General Considerations]",,,"<-",,"<-",,,,"<-",,,,,,,,,,,,,"<-",,"<-",,"<-","<-",,,,,,,,,,,,,,,,,,,"<-",,,,,,,,,,,,,,,,,,,
"DMS-REQ-0295 05 Transparent Data Access [Requirements::System Requirements::LSE-61 Data Management System (DMS) Requirements::2 Productions::0 General Considerations]",,,,,,,,,,,,,,,,,,"<-",,,,,,,,,,,,,,,,"<-",,,,,,,,,,,"<-",,,,,,,,,,,,,,,,,,,,
"DMS-REQ-0002 03 Transient Alert Distribution [Requirements::System Requirements::LSE-61 Data Management System (DMS) Requirements::2 Productions::1 Alert Production]",,,"<-",,,,"<-",,,,,,,,,,,,"<-",,,,,,,,,,,,,,,,"<-",,,,,,,,,,,,,,,,,,,,,,,,,,,,,,"<-"
"DMS-REQ-0089 09 Solar System Objects Available Within Specified Time [Requirements::System Requirements::LSE-61 Data Management System (DMS) Requirements::2 Productions::1 Alert Production]",,,,,,,,,,,,"<-",,"<-","<-",,,"<-",,,,,,,,,,,"<-",,"<-",,,"<-",,"<-",,,,,,,,,,,,,,,,,,,,,,"<-","<-",,"<-","<-",,,
"DMS-REQ-0096 10 Generate Data Quality Report Within Specified Time [Requirements::System Requirements::LSE-61 Data Management System (DMS) Requirements::2 Productions::1 Alert Production]",,,,,,,,"<-",,,,,,,,,,,,,,,,,,,,"<-",,,,,,,,,,,,,,,,,,,,,,,,,,,,,,,,,,,,"<-","<-"
"DMS-REQ-0098 11 Generate DMS Performance Report Within Specified Time [Requirements::System Requirements::LSE-61 Data Management System (DMS) Requirements::2 Productions::1 Alert Production]",,,,,,,,"<-",,,,,,,,,,,,,,,,,,,,"<-",,,,,,,,,,,,,,,,,,,,,,,,,,,,,,,,,,,,"<-","<-"
"DMS-REQ-0100 12 Generate Calibration Report Within Specified Time [Requirements::System Requirements::LSE-61 Data Management System (DMS) Requirements::2 Productions::1 Alert Production]",,,,,,,,"<-",,,,,,,,,,,,,,,,,,,,"<-",,,,,,,,,,"<-",,,,,,,,,,,,,,,,,,,,,,,,,,"<-","<-"
"DMS-REQ-0131 02 Calibration Images Available Within Specified Time [Requirements::System Requirements::LSE-61 Data Management System (DMS) Requirements::2 Productions::1 Alert Production]",,,"<-",,"<-",,,,,,,"<-",,"<-","<-",,,,,,,"<-",,"<-",,,,,"<-",,"<-",,,,,,"<-","<-",,,,,,,,,,,,,,,,,,,,"<-","<-",,"<-","<-","<-",,"<-"
"DMS-REQ-0284 01 Level-1 Production Completeness [Requirements::System Requirements::LSE-61 Data Management System (DMS) Requirements::2 Productions::1 Alert Production]",,,"<-",,,,,,,,,,,,,,,,,,,"<-",,,,,,,,,,,,,,,,,,,,,,,,,,,,,,,,,,,,"<-","<-",,"<-","<-","<-","<-","<-"
"DMS-REQ-0285 05 Level 1 Source Association [Requirements::System Requirements::LSE-61 Data Management System (DMS) Requirements::2 Productions::1 Alert Production]",,,,,,,,,,,,,,,,,,,,,,,,,,,,,,,,,,,"<-",,,,,,,,,,,,,,,,,,,,,,,,,,,,,,
"DMS-REQ-0286 06 SSObject Precovery [Requirements::System Requirements::LSE-61 Data Management System (DMS) Requirements::2 Productions::1 Alert Production]",,,,,,,,,,,,,,,,,,,,,,,,,,,,,,,,,,,,"<-",,,,,,,,,,,,,,,,,,,,,,,,,,,"<-",,
"DMS-REQ-0287 07 DIASource Precovery [Requirements::System Requirements::LSE-61 Data Management System (DMS) Requirements::2 Productions::1 Alert Production]",,,,,,,,,,,,"<-",,"<-","<-",,,"<-",,,,,,,,,,,"<-",,"<-",,,"<-",,"<-",,,,,,,,,,,,,,,,,,,,,,"<-","<-",,"<-","<-","<-",,
"DMS-REQ-0288 08 Use of External Orbit Catalogs [Requirements::System Requirements::LSE-61 Data Management System (DMS) Requirements::2 Productions::1 Alert Production]",,,,,,,,,,,,,,,,,,,,,,,,,,,,,,,,,,,"<-","<-",,,,,,,,,,,,,,,,,,,,,,,,,,,,,
"DMS-REQ-0342 04 Alert Filtering Service [Requirements::System Requirements::LSE-61 Data Management System (DMS) Requirements::2 Productions::1 Alert Production]",,,,,,,"<-",,,,,,,,,,,,"<-",,,,,,,,,,,,,,,,,,,,,,,,,,,,,,,,,,,,,,,,,,,,,,
"DMS-REQ-0343 02 Performance Requirements for LSST Alert Filtering Service [Requirements::System Requirements::LSE-61 Data Management System (DMS) Requirements::2 Productions::1 Alert Production::04 Alert Filtering Service]",,,,,,,"<-",,,,,,,,,,,,"<-",,,,,,,,,,,,,,,,,,,,,,,,,,,,,,,,,,,,,,,,,,,,,,"<-"
"DMS-REQ-0348 01 Pre-defined alert filters [Requirements::System Requirements::LSE-61 Data Management System (DMS) Requirements::2 Productions::1 Alert Production::04 Alert Filtering Service]",,,,,,,"<-",,,,,,,,,,,,"<-",,,,,,,,,,,,,,,,,,,,,,,,,,,,,,,,,,,,,,,,,,,,,,
"DMS-REQ-0289 Calibration Production Processing [Requirements::System Requirements::LSE-61 Data Management System (DMS) Requirements::2 Productions::2 Calibration Production]",,,,,"<-",,,,,,,,,,,,,,,,,,,"<-",,,,,,,,,,,,,,"<-","<-",,,"<-",,,,,,,,,,,,,,,,,,,,,"<-",,
"DMS-REQ-0350 Associating Objects across data releases [Requirements::System Requirements::LSE-61 Data Management System (DMS) Requirements::2 Productions::3 Data Release Production]",,,,,,,,,,,,,,,,,,,,,,,,,,,,,,,,,,,,,,,,,,,"<-",,,,"<-",,,,,,,,,,,,,,,,,,
"DMS-REQ-0119 03 DAC resource allocation for Level 3 processing [Requirements::System Requirements::LSE-61 Data Management System (DMS) Requirements::2 Productions::4 Level 3 Production]",,,,,,,,,,,,,,,,"<-","<-","<-",,,,,,,,,,,,,,"<-","<-","<-",,,,,,,,,,,,,,,,,,,,,,,,,,,"<-","<-",,,
"DMS-REQ-0120 04 Level 3 Data Product Self Consistency [Requirements::System Requirements::LSE-61 Data Management System (DMS) Requirements::2 Productions::4 Level 3 Production]",,,,,,,,,,,,"<-",,,,,,"<-",,,,,,,,,,,"<-",,,,,"<-",,,,,,,,,,,,,,,,,,,,,,,,,,,"<-","<-",,,
"DMS-REQ-0121 05 Provenance for Level 3 processing at DACs [Requirements::System Requirements::LSE-61 Data Management System (DMS) Requirements::2 Productions::4 Level 3 Production]",,,,,,,,,,,,,,,,,,"<-",,,,,,,,,,,,,,,,"<-",,,,,,,,,,,"<-","<-",,,,,,,,,,,,,,,"<-","<-",,,
"DMS-REQ-0125 06 Software framework for Level 3 catalog processing [Requirements::System Requirements::LSE-61 Data Management System (DMS) Requirements::2 Productions::4 Level 3 Production]",,,,,,,,,,,,,,,,,,,,,,,,,,,,,,,,,,,,,,,,,,,,,"<-","<-",,,,,,,,,,,,,,,,,,,
"DMS-REQ-0128 07 Software framework for Level 3 image processing [Requirements::System Requirements::LSE-61 Data Management System (DMS) Requirements::2 Productions::4 Level 3 Production]",,,,,,,,,,,,,,,,,,,,,,,,,,,,,,,,,,,,,,,,,,,,,"<-","<-",,,,,,,,,,,,,,,,,,,
"DMS-REQ-0290 02 Level 3 Data Import [Requirements::System Requirements::LSE-61 Data Management System (DMS) Requirements::2 Productions::4 Level 3 Production]",,,,,,,,,,,,,,,,,,"<-",,,,,,,,,,,,,,,,"<-",,,,,,,,,,,,,"<-",,,,,,,,,,,,,,,,,,
"DMS-REQ-0340 01 Access Controls of Level 3 Data Products [Requirements::System Requirements::LSE-61 Data Management System (DMS) Requirements::2 Productions::4 Level 3 Production]",,,,,,,,,,,,,,,,,,,,,,,,,,,,,,,,,,,,,,,,,,,,,,,"<-","<-",,,,,,,,,,,,,"<-","<-",,,
"DMS-REQ-0308 Software Architecture to Enable Community Re-Use [Requirements::System Requirements::LSE-61 Data Management System (DMS) Requirements::3 Software::0 General Considerations]",,,,,,,,,"<-",,,,,,,,,,,,,,,,,,"<-",,,,,,,,"<-","<-","<-","<-","<-",,"<-","<-","<-","<-","<-","<-",,,,,,,,,,,,,,,,,,,
"DMS-REQ-0009 01 Simulated Data [Requirements::System Requirements::LSE-61 Data Management System (DMS) Requirements::3 Software::1 Applications Software]",,,,,,,,,,,,,,,,,,,,,,,,,,,,,,,,,,,"<-",,,,,,,,"<-",,,,,,,,,,,,,,,,,,,,,,
"DMS-REQ-0032 03 Image Differencing [Requirements::System Requirements::LSE-61 Data Management System (DMS) Requirements::3 Software::1 Applications Software]",,,,,,,,,,,,,,,,,,,,,,,,,,,,,,,,,,,"<-",,,,,,,,"<-","<-",,,,,,,,,,,,,,,,,,,,,
"DMS-REQ-0033 04 Provide Source Detection Software [Requirements::System Requirements::LSE-61 Data Management System (DMS) Requirements::3 Software::1 Applications Software]",,,,,,,,,,,,,,,,,,,,,,,,,,,,,,,,,,,"<-",,,,,,,,"<-","<-",,,,,,,,,,,,,,,,,,,,,
"DMS-REQ-0042 06 Provide Astrometric Model [Requirements::System Requirements::LSE-61 Data Management System (DMS) Requirements::3 Software::1 Applications Software]",,,,,,,,,,,,,,,,,,,,,,,,,,,,,,,,,,,"<-",,,,,,,,"<-","<-",,,,,,,,,,,,,,,,,,,,,
"DMS-REQ-0043 05 Provide Calibrated Photometry [Requirements::System Requirements::LSE-61 Data Management System (DMS) Requirements::3 Software::1 Applications Software]",,,,,,,,,,,,,,,,,,,,,,,,,,,,,,,,,,,"<-",,,,,,,,"<-","<-",,,,,,,,,,,,,,,,,,,,,
"DMS-REQ-0052 08 Enable a Range of Shape Measurement Approaches [Requirements::System Requirements::LSE-61 Data Management System (DMS) Requirements::3 Software::1 Applications Software]",,,,,,,,,,,,,,,,,,,,,,,,,,,,,,,,,,,"<-",,,,,,,,"<-","<-",,,,,,,,,,,,,,,,,,,,,
"DMS-REQ-0160 09 Provide User Interface Services [Requirements::System Requirements::LSE-61 Data Management System (DMS) Requirements::3 Software::1 Applications Software]",,,,,,,,,,,,,,,,"<-",,,,,,,,,,,,,,,,"<-",,,,,,,,,,,,,,,,,"<-",,,,,,,,,,,,,,,,
"DMS-REQ-0296 02 Pre-cursor, and Real Data [Requirements::System Requirements::LSE-61 Data Management System (DMS) Requirements::3 Software::1 Applications Software]",,,,,,,,,,,,,,,,,,,,,,,,,,,,,,,,,,,,,,,,,,,,"<-","<-",,,,,,,,,,,,,,,,,,,,
"DMS-REQ-0351 07 Provide Beam Projector Coordinate Calculation Software [Requirements::System Requirements::LSE-61 Data Management System (DMS) Requirements::3 Software::1 Applications Software]",,,,,,,,,,,,,,,,,,,,,,,,,,,,,,,,,,,,,,,,,,,,"<-",,,,,,,,,,,,,,,,,,,,,
"DMS-REQ-0065 03 Provide Image Access Services [Requirements::System Requirements::LSE-61 Data Management System (DMS) Requirements::3 Software::2 Middleware Software]",,,,,,,,,,,,,,,,,,"<-",,,,,,,,,,,,,,,,"<-",,,,,,,,,,,,,,,,"<-",,,,,,,,,,,,,,,
"DMS-REQ-0155 02 Provide Data Access Services [Requirements::System Requirements::LSE-61 Data Management System (DMS) Requirements::3 Software::2 Middleware Software]",,,,,,,,,,,,,,,,,,"<-",,,,,,,,,,,,,,,,"<-",,,,,,,,,,,,,,"<-",,"<-",,,,,,,,,,,,,,,
"DMS-REQ-0298 02 Data Product and Raw Data Access [Requirements::System Requirements::LSE-61 Data Management System (DMS) Requirements::3 Software::2 Middleware Software::02 Provide Data Access Services]",,,,,,,,,,,,,,,,,,"<-",,,,,,,,,,,,,,,,"<-",,,,,,,,,,,,,,"<-",,"<-",,,,,,,,,,,,,,,
"DMS-REQ-0299 01 Data Product Ingest [Requirements::System Requirements::LSE-61 Data Management System (DMS) Requirements::3 Software::2 Middleware Software::02 Provide Data Access Services]",,,,,,,,,,,,"<-",,,,,,,,,,,,,,,,,"<-",,,,,"<-",,,,,,,,,,,,,,,,,,,,,,,,,,,,,,,
"DMS-REQ-0300 03 Bulk Download Service [Requirements::System Requirements::LSE-61 Data Management System (DMS) Requirements::3 Software::2 Middleware Software::02 Provide Data Access Services]",,,,,,,,,,,"<-",,,,,,,,,,,,,,,,,,,,,,,,,,,,,,,,,,,,,,,,,,,,,,,,,,,,,,
"DMS-REQ-0156 05 Provide Pipeline Execution Services [Requirements::System Requirements::LSE-61 Data Management System (DMS) Requirements::3 Software::2 Middleware Software]",,,,,,,,,"<-",,,,,,,,,,,,,,,,,"<-","<-",,,,,,,,,,,,,,,,,,,,,,,,,,,,,,,,,,,,,,
"DMS-REQ-0302 01 Production Orchestration [Requirements::System Requirements::LSE-61 Data Management System (DMS) Requirements::3 Software::2 Middleware Software::05 Provide Pipeline Execution Services]",,,,,,,,,"<-",,,,,,,,,,,,,,,,,"<-","<-",,,,,,,,,,,,,,,,,,,,,,,,,,,,,,,,,,,,,,
"DMS-REQ-0303 02 Production Monitoring [Requirements::System Requirements::LSE-61 Data Management System (DMS) Requirements::3 Software::2 Middleware Software::05 Provide Pipeline Execution Services]",,,,,,,,,"<-",,,,,,,,,,,,,,,,,"<-","<-",,,,,,,,,,,,,,,,,,,,,,,,,,,,,,,,,,,,,,
"DMS-REQ-0304 03 Production Fault Tolerance [Requirements::System Requirements::LSE-61 Data Management System (DMS) Requirements::3 Software::2 Middleware Software::05 Provide Pipeline Execution Services]",,,,,,,,,"<-",,,,,,,,,,,,,,,,,"<-","<-",,,,,,,,,,,,,,,,,,,"<-",,,,,,,,,,,,,,,,,,,
"DMS-REQ-0158 06 Provide Pipeline Construction Services [Requirements::System Requirements::LSE-61 Data Management System (DMS) Requirements::3 Software::2 Middleware Software]",,,,,,,,,,,,,,,,,,,,,,,,,,,,,,,,,,,,,,,,,,,,,,"<-",,,,,,,,,,,,,,,,,,,
"DMS-REQ-0305 02 Task Specification [Requirements::System Requirements::LSE-61 Data Management System (DMS) Requirements::3 Software::2 Middleware Software::06 Provide Pipeline Construction Services]",,,,,,,,,,,,,,,,,,,,,,,,,,,,,,,,,,,,,,,,,,,,,,"<-",,,,,,,,,,,,,,,,,,,
"DMS-REQ-0306 01 Task Configuration [Requirements::System Requirements::LSE-61 Data Management System (DMS) Requirements::3 Software::2 Middleware Software::06 Provide Pipeline Construction Services]",,,,,,,,,,,,,,,,,,,,,,,,,,,,,,,,,,,,,,,,,,,,,,"<-",,,,,,,,,,,,,,,,,,,
"DMS-REQ-0297 01 DMS Initialization Component [Requirements::System Requirements::LSE-61 Data Management System (DMS) Requirements::3 Software::2 Middleware Software]",,,,,,,,,,,,,,,,,,,,,,,,,,,,,,,,,,,,,,,,,,,,,,,,,,,,,,,,"<-","<-",,,,,,,,
"DMS-REQ-0301 04 Control of Level-1 Production [Requirements::System Requirements::LSE-61 Data Management System (DMS) Requirements::3 Software::2 Middleware Software]","<-",,"<-",,"<-",,,,,,,,,,,,,,,,,"<-",,"<-",,,,,,,,,,,,,,,,,,,,,,,,,,,,,,,,,,,,,,,,,
"DMS-REQ-0307 07 Unique Processing Coverage [Requirements::System Requirements::LSE-61 Data Management System (DMS) Requirements::3 Software::2 Middleware Software]",,,,,,,,,"<-",,,,,,,,,,,,,,,,,,,,,,,,,,,,,,,,,,,,,,,,,,,,,,,,,,,,,,,,
"DMS-REQ-0075 08 Catalog Queries [Requirements::System Requirements::LSE-61 Data Management System (DMS) Requirements::4 Facilities::1 Data Archive]",,,,,,,,,,,,,,,,,,"<-",,,,,,,,,,,,,,,,"<-",,,,,,,,,,,,,"<-","<-",,,,,,,,,,,,,"<-","<-",,,
"DMS-REQ-0077 12 Maintain Archive Publicly Accessible [Requirements::System Requirements::LSE-61 Data Management System (DMS) Requirements::4 Facilities::1 Data Archive]",,,,,,,,,,,,"<-",,,"<-",,,,,,,,,,,,,,"<-",,,,,,,,,,,,,,,,,,"<-",,,,,,,,,,,"<-","<-",,"<-","<-",,,
"DMS-REQ-0078 11 Catalog Export Formats [Requirements::System Requirements::LSE-61 Data Management System (DMS) Requirements::4 Facilities::1 Data Archive]",,,,,,,,,,,,,,,,,,"<-",,,,,,,,,,,,,,,,"<-",,,,,,,,,,,,,,"<-",,,,,,,,,,"<-","<-",,"<-","<-",,,
"DMS-REQ-0094 02 Keep Historical Alert Archive [Requirements::System Requirements::LSE-61 Data Management System (DMS) Requirements::4 Facilities::1 Data Archive]",,,,,,,,,,,,"<-",,,"<-",,,,,,,,,,,,,,"<-",,,,,,,,,,,,,,,,,,,,,,,,,,,,,"<-","<-",,"<-","<-",,,
"DMS-REQ-0102 07 Provide Engineering & Facility Database Archive [Requirements::System Requirements::LSE-61 Data Management System (DMS) Requirements::4 Facilities::1 Data Archive]","<-",,,,,,,,,,,"<-",,"<-","<-",,,,,"<-",,,,,,,,,"<-",,"<-",,,,,,,,,,,,,,,,,,,,,,,,,,,"<-","<-",,"<-","<-",,"<-","<-"
"DMS-REQ-0309 01 Raw Data Archiving Reliability [Requirements::System Requirements::LSE-61 Data Management System (DMS) Requirements::4 Facilities::1 Data Archive]","<-",,,,,,,,,,,"<-",,"<-","<-",,,,,"<-",,"<-",,,,,,,"<-",,"<-",,,,,,,,,,,,,,,,,,,,,,,,,,,"<-","<-",,"<-","<-",,"<-","<-"
"DMS-REQ-0310 03 Un-Archived Data Product Cache [Requirements::System Requirements::LSE-61 Data Management System (DMS) Requirements::4 Facilities::1 Data Archive]",,,,,,,,,,,,"<-","<-",,"<-",,,,,,,,,,,,,,"<-","<-",,,,,,,,,,,,,,,,,,,,,,,,,,,,"<-","<-",,"<-","<-",,,
"DMS-REQ-0311 04 Regenerate Un-archived Data Products [Requirements::System Requirements::LSE-61 Data Management System (DMS) Requirements::4 Facilities::1 Data Archive]",,,,,,,,,,,,,,,,,,"<-",,,,,,,,,,,,,,,,"<-",,,,,,,,,,,,,,,,"<-",,,,,,,,,,,"<-","<-",,,
"DMS-REQ-0312 05 Level 1 Data Product Access [Requirements::System Requirements::LSE-61 Data Management System (DMS) Requirements::4 Facilities::1 Data Archive]",,,"<-",,,,,,,,,,,,,,,"<-",,,,,,,,,,,,,,,,"<-","<-",,,,,,,,,,,,,,,,,,,,,,,"<-","<-",,"<-","<-",,,
"DMS-REQ-0313 06 Level 1 & 2 Catalog Access [Requirements::System Requirements::LSE-61 Data Management System (DMS) Requirements::4 Facilities::1 Data Archive]",,,,,,,,,,,,"<-",,"<-","<-",,,"<-",,,,,,,,,,,"<-",,"<-",,,"<-",,,,,,,,,,,,,"<-",,,,,,,,,,,,,,"<-","<-",,,
"DMS-REQ-0336 04b Regenerating Data Products from Previous Data Releases [Requirements::System Requirements::LSE-61 Data Management System (DMS) Requirements::4 Facilities::1 Data Archive]",,,,,,,,,,,,,,,,,,"<-",,,,,,,,,,,,,,,,"<-",,,,,,,,,,,,,,,,"<-",,,,,,,,,,,"<-","<-",,,
"DMS-REQ-0341 10 Providing a Precovery Service [Requirements::System Requirements::LSE-61 Data Management System (DMS) Requirements::4 Facilities::1 Data Archive]",,,,,,,,,,,,,,,,"<-",,,,,,,,,,,,,,,,"<-",,,,"<-",,,,,,,,,,,,,,,,,,,,,,,,,"<-","<-","<-",,
"DMS-REQ-0345 09 Logging of catalog queries [Requirements::System Requirements::LSE-61 Data Management System (DMS) Requirements::4 Facilities::1 Data Archive]",,,,,,,,,,,,,,,,,,"<-",,,,,,,,,,,,,,,,"<-",,,,,,,,,,,,,"<-","<-",,,,,,,,,,,,,"<-","<-",,,
"DMS-REQ-0363 13 Access to Previous Data Releases [Requirements::System Requirements::LSE-61 Data Management System (DMS) Requirements::4 Facilities::1 Data Archive]",,,,,,,,,,,,"<-",,,"<-","<-",,"<-",,,,,,,,,,,"<-",,,"<-",,"<-",,,,,,,,,,,,,"<-",,,,,,,,,,,"<-","<-",,"<-","<-",,,
"DMS-REQ-0364 14 Data Access Services [Requirements::System Requirements::LSE-61 Data Management System (DMS) Requirements::4 Facilities::1 Data Archive]",,,,,,,,,,,,"<-",,,"<-","<-",,"<-",,,,,,,,,,,"<-",,,"<-",,"<-",,,,,,,,,,,,,,"<-",,,,,,,,,,"<-","<-",,"<-","<-",,,
"DMS-REQ-0365 15 Operations Subsets [Requirements::System Requirements::LSE-61 Data Management System (DMS) Requirements::4 Facilities::1 Data Archive]",,,,,,,,,,,,"<-",,,"<-","<-",,"<-",,,,,,,,,,,"<-",,,"<-",,"<-",,,,,,,,,,,,,"<-",,,,,,,,,,,"<-","<-",,"<-","<-",,,
"DMS-REQ-0366 16 Subsets Support [Requirements::System Requirements::LSE-61 Data Management System (DMS) Requirements::4 Facilities::1 Data Archive]",,,,,,,,,,,,"<-",,"<-","<-","<-",,"<-",,,,,,,,,,,"<-",,"<-","<-",,"<-",,,,,,,,,,,,,"<-",,,,,,,,,,,"<-","<-",,"<-","<-",,,
"DMS-REQ-0367 17 Access Services Performance [Requirements::System Requirements::LSE-61 Data Management System (DMS) Requirements::4 Facilities::1 Data Archive]",,,,,,,,,,,,,,,"<-","<-",,"<-",,,,,,,,,,,,,,"<-",,"<-",,,,,,,,,,,,,"<-",,,,,,,,,,,"<-","<-",,"<-","<-",,,
"DMS-REQ-0368 18 Implementation Provisions [Requirements::System Requirements::LSE-61 Data Management System (DMS) Requirements::4 Facilities::1 Data Archive]",,,,,,,,,,,,,,,"<-","<-",,"<-",,,,,,,,,,,,,,"<-",,"<-",,,,,,,,,,,,,"<-","<-",,"<-",,,,,,,,"<-","<-",,"<-","<-",,,
"DMS-REQ-0369 19 Evolution [Requirements::System Requirements::LSE-61 Data Management System (DMS) Requirements::4 Facilities::1 Data Archive]",,,,,,,,,,,,"<-",,,,"<-",,"<-",,,,,,,,,,,"<-",,,"<-",,"<-",,,,,,,,,,,,,"<-","<-",,,,,,,,,,"<-","<-",,"<-","<-",,,
"DMS-REQ-0370 20 Older Release Behavior [Requirements::System Requirements::LSE-61 Data Management System (DMS) Requirements::4 Facilities::1 Data Archive]",,,,,,,,,,,,"<-",,"<-","<-","<-",,"<-",,,,,,,,,,,"<-",,"<-","<-",,"<-",,,,,,,,,,,,,"<-",,,,,,,,,,,"<-","<-",,"<-","<-",,,
"DMS-REQ-0371 21 Query Availability [Requirements::System Requirements::LSE-61 Data Management System (DMS) Requirements::4 Facilities::1 Data Archive]",,,,,,,,,,,,,,,,"<-",,"<-",,,,,,,,,,,,,,"<-",,"<-",,,,,,,,,,,,,"<-",,,,,,,,,,,,,,,,,,
"DMS-REQ-0008 05 Pipeline Availability [Requirements::System Requirements::LSE-61 Data Management System (DMS) Requirements::4 Facilities::2 Computational Infrastructure]","<-",,"<-",,"<-","<-","<-",,"<-",,,"<-",,"<-","<-",,,,"<-","<-",,"<-",,"<-",,"<-","<-",,"<-",,"<-",,,,,,,,,,,,,,,,,,,,,,,,"<-","<-","<-",,,,,,"<-","<-","<-"
"DMS-REQ-0161 02 Optimization of Cost, Reliability and Availability in Order [Requirements::System Requirements::LSE-61 Data Management System (DMS) Requirements::4 Facilities::2 Computational Infrastructure]",,,,,,,"<-",,,,,"<-",,"<-","<-","<-","<-","<-","<-",,,,,,,,,,"<-",,"<-","<-","<-","<-",,,,,,,,,,,,,,,,,,,,,,"<-","<-","<-","<-","<-","<-","<-","<-","<-","<-"
"DMS-REQ-0162 04 Pipeline Throughput [Requirements::System Requirements::LSE-61 Data Management System (DMS) Requirements::4 Facilities::2 Computational Infrastructure]","<-",,"<-",,"<-",,"<-",,,,,"<-",,"<-","<-",,,,"<-",,,,,"<-",,,,,"<-",,"<-",,,,,,,,,,,,,,,,,,,,,,,,,"<-","<-","<-","<-",,"<-","<-","<-","<-","<-"
"DMS-REQ-0163 06 Re-processing Capacity [Requirements::System Requirements::LSE-61 Data Management System (DMS) Requirements::4 Facilities::2 Computational Infrastructure]",,,,,,,,,"<-",,,"<-",,"<-","<-",,,,,,,,,,,"<-","<-",,"<-",,"<-",,,,,,,,,,,,,,,,,,,,,,,"<-",,"<-","<-","<-","<-",,,,"<-",,
"DMS-REQ-0164 07 Temporary Storage for Communications Links [Requirements::System Requirements::LSE-61 Data Management System (DMS) Requirements::4 Facilities::2 Computational Infrastructure]",,,,,,,,,,,,"<-",,"<-","<-",,,,,,,,,,,,,,"<-",,"<-",,,,,,,,,,,,,,,,,,,,,,,,,"<-","<-",,,,,,,"<-",
"DMS-REQ-0165 08 Infrastructure Sizing for ""catching up"" [Requirements::System Requirements::LSE-61 Data Management System (DMS) Requirements::4 Facilities::2 Computational Infrastructure]","<-",,,,,,,,,,,"<-",,"<-","<-",,,,,"<-",,"<-",,,,,,,"<-",,"<-",,,,,,,,,,,,,,,,,,,,"<-","<-","<-","<-",,"<-","<-",,,,,,,"<-","<-"
"DMS-REQ-0166 09 Incorporate Fault-Tolerance [Requirements::System Requirements::LSE-61 Data Management System (DMS) Requirements::4 Facilities::2 Computational Infrastructure]",,,,,,,,,,,,"<-",,"<-","<-",,,,,,,,,,,,,,"<-",,"<-",,,,,,,,,,,,,,,,,,,,"<-","<-","<-","<-","<-","<-","<-","<-","<-","<-","<-","<-","<-","<-","<-"
"DMS-REQ-0167 10 Incorporate Autonomics [Requirements::System Requirements::LSE-61 Data Management System (DMS) Requirements::4 Facilities::2 Computational Infrastructure]","<-",,"<-","<-",,,"<-",,"<-",,,"<-",,"<-","<-",,,,"<-","<-",,"<-","<-",,,"<-","<-",,"<-",,"<-",,,,,,,,,,,,,,,,,,,,"<-","<-","<-","<-","<-","<-","<-","<-","<-","<-","<-","<-","<-","<-","<-"
"DMS-REQ-0314 03 Compute Platform Heterogeneity [Requirements::System Requirements::LSE-61 Data Management System (DMS) Requirements::4 Facilities::2 Computational Infrastructure]","<-",,"<-","<-","<-","<-","<-","<-","<-",,"<-","<-",,"<-","<-","<-","<-","<-","<-","<-",,"<-","<-","<-",,"<-","<-","<-","<-",,"<-","<-","<-","<-",,,,,,,,,,,"<-","<-",,,,,,,,,,"<-","<-","<-","<-","<-","<-","<-","<-","<-","<-"
"DMS-REQ-0318 01 Data Management Unscheduled Downtime [Requirements::System Requirements::LSE-61 Data Management System (DMS) Requirements::4 Facilities::2 Computational Infrastructure]","<-",,"<-","<-","<-","<-","<-","<-","<-",,"<-","<-",,"<-","<-","<-","<-","<-","<-","<-",,"<-","<-","<-",,"<-","<-","<-","<-",,"<-","<-","<-","<-",,,,,,,,,,,,,,,,,,,,,,"<-","<-","<-","<-","<-","<-","<-","<-","<-","<-"
"DMS-REQ-0168 01 Summit Facility Data Communications [Requirements::System Requirements::LSE-61 Data Management System (DMS) Requirements::4 Facilities::3 Summit Facility]",,,,,,,,,,,,,,,,,,,,,,,,,,,,,,,,,,,,,,,,,,,,,,,,,,,"<-",,,,,,,,,,,,,,
"DMS-REQ-0170 02 Prefer Computing and Storage Down [Requirements::System Requirements::LSE-61 Data Management System (DMS) Requirements::4 Facilities::3 Summit Facility]",,,,,,,,,,,,,,,,,,,,,,,,,,,,,,,,,,,,,,,,,,,,,,,,,,,,,,,,"<-","<-",,,,,,,,
"DMS-REQ-0315 03 DMS Communication with OCS [Requirements::System Requirements::LSE-61 Data Management System (DMS) Requirements::4 Facilities::3 Summit Facility]","<-",,"<-",,"<-","<-",,,,,,,,,,,,,,"<-",,"<-",,"<-",,,,,,,,,,,,,,,,,,,,,,,,,,,,,,,,"<-",,,,,,,,"<-",
"DMS-REQ-0171 01 Summit to Base Network [Requirements::System Requirements::LSE-61 Data Management System (DMS) Requirements::4 Facilities::4 Summit to Base]",,,,,,,,,,,,,,,,,,,,,,,,,,,,,,,,,,,,,,,,,,,,,,,,,,,"<-",,,,,,,,,,,,,,
"DMS-REQ-0172 02 Summit to Base Network Availability [Requirements::System Requirements::LSE-61 Data Management System (DMS) Requirements::4 Facilities::4 Summit to Base]",,,,,,,,,,,,,,,,,,,,,,,,,,,,,,,,,,,,,,,,,,,,,,,,,,,"<-",,,,,,,,,,,,,,
"DMS-REQ-0173 03 Summit to Base Network Reliability [Requirements::System Requirements::LSE-61 Data Management System (DMS) Requirements::4 Facilities::4 Summit to Base]",,,,,,,,,,,,,,,,,,,,,,,,,,,,,,,,,,,,,,,,,,,,,,,,,,,"<-",,,,,,,,,,,,,,
"DMS-REQ-0174 04 Summit to Base Network Secondary Link [Requirements::System Requirements::LSE-61 Data Management System (DMS) Requirements::4 Facilities::4 Summit to Base]",,,,,,,,,,,,,,,,,,,,,,,,,,,,,,,,,,,,,,,,,,,,,,,,,,,"<-",,,,,,,,,,,,,,
"DMS-REQ-0175 05 Summit to Base Network Ownership and Operation [Requirements::System Requirements::LSE-61 Data Management System (DMS) Requirements::4 Facilities::4 Summit to Base]",,,,,,,,,,,,,,,,,,,,,,,,,,,,,,,,,,,,,,,,,,,,,,,,,,,"<-",,,,"<-",,,,,,,,,,
"DMS-REQ-0176 01 Base Facility Infrastructure [Requirements::System Requirements::LSE-61 Data Management System (DMS) Requirements::4 Facilities::5 Base Facility]",,,,,,,,,,,,"<-",,,,,,,,,,,,,,,,,"<-",,,,,,,,,,,,,,,,,,,,,,,,,,,"<-",,"<-",,"<-","<-",,,"<-",
"DMS-REQ-0178 02 Base Facility Co-Location with Existing Facility [Requirements::System Requirements::LSE-61 Data Management System (DMS) Requirements::4 Facilities::5 Base Facility]",,,,,,,,,,,,,,,,,,,,,,,,,,,,,,,,,,,,,,,,,,,,,,,,,,,,,,,,"<-",,,,,,,,,
"DMS-REQ-0316 03 Commissioning Cluster [Requirements::System Requirements::LSE-61 Data Management System (DMS) Requirements::4 Facilities::5 Base Facility]",,,,,,,,,,,,,,,,,,,,,,,,,,,,,,,,,,,,,,,,,,,,,,,,,,,,,,,,"<-",,,,"<-",,,,,
"DMS-REQ-0352 04 Base Wireless LAN (WiFi) [Requirements::System Requirements::LSE-61 Data Management System (DMS) Requirements::4 Facilities::5 Base Facility]",,,,,,,,,,,,,,,,,,,,,,,,,,,,,,,,,,,,,,,,,,,,,,,,,,,,,"<-",,,"<-",,,,,,,,,
"DMS-REQ-0180 01 Base to Archive Network [Requirements::System Requirements::LSE-61 Data Management System (DMS) Requirements::4 Facilities::6 Base to Archive]",,,,,,,,,,,,,,,,,,,,,,,,,,,,,,,,,,,,,,,,,,,,,,,,,,,,"<-",,,,,,,,,,,,,
"DMS-REQ-0181 02 Base to Archive Network Availability [Requirements::System Requirements::LSE-61 Data Management System (DMS) Requirements::4 Facilities::6 Base to Archive]",,,,,,,,,,,,,,,,,,,,,,,,,,,,,,,,,,,,,,,,,,,,,,,,,,,,"<-",,,,,,,,,,,,,
"DMS-REQ-0182 03 Base to Archive Network Reliability [Requirements::System Requirements::LSE-61 Data Management System (DMS) Requirements::4 Facilities::6 Base to Archive]",,,,,,,,,,,,,,,,,,,,,,,,,,,,,,,,,,,,,,,,,,,,,,,,,,,,"<-",,,,,,,,,,,,,
"DMS-REQ-0183 04 Base to Archive Network Secondary Link [Requirements::System Requirements::LSE-61 Data Management System (DMS) Requirements::4 Facilities::6 Base to Archive]",,,,,,,,,,,,,,,,,,,,,,,,,,,,,,,,,,,,,,,,,,,,,,,,,,,,"<-",,,,,,,,,,,,,
"DMS-REQ-0185 01 Archive Center [Requirements::System Requirements::LSE-61 Data Management System (DMS) Requirements::4 Facilities::7 Archive Center]",,,,,,,,,,,"<-","<-",,"<-","<-",,,,,,,,,,,,,,"<-",,"<-",,,,,,,,,,,,,,,,,,,,,,,,,,"<-",,"<-",,,"<-","<-",,"<-"
"DMS-REQ-0186 02 Archive Center Disaster Recovery [Requirements::System Requirements::LSE-61 Data Management System (DMS) Requirements::4 Facilities::7 Archive Center]",,,,,,,,,,,"<-","<-",,"<-","<-",,,,,,,,,,,,,,"<-",,"<-",,,,,,,,,,,,,,,,,,,,,,,,,,"<-","<-","<-",,,"<-","<-",,
"DMS-REQ-0187 03 Archive Center Co-Location with Existing Facility [Requirements::System Requirements::LSE-61 Data Management System (DMS) Requirements::4 Facilities::7 Archive Center]",,,,,,,,,,,,,,,,,,,,,,,,,,,,,,,,,,,,,,,,,,,,,,,,,,,,,,,,,"<-",,,,,,,,
"DMS-REQ-0188 01 Archive to Data Access Center Network [Requirements::System Requirements::LSE-61 Data Management System (DMS) Requirements::4 Facilities::8 Archive to Data Access Center]",,,,,,,,,,,,,,,,,,,,,,,,,,,,,,,,,,,,,,,,,,,,,,,,,,,,"<-",,"<-",,,,,,,,,,,
"DMS-REQ-0189 02 Archive to Data Access Center Network Availability [Requirements::System Requirements::LSE-61 Data Management System (DMS) Requirements::4 Facilities::8 Archive to Data Access Center]",,,,,,,,,,,,,,,,,,,,,,,,,,,,,,,,,,,,,,,,,,,,,,,,,,,,"<-",,"<-",,,,,,,,,,,
"DMS-REQ-0190 03 Archive to Data Access Center Network Reliability [Requirements::System Requirements::LSE-61 Data Management System (DMS) Requirements::4 Facilities::8 Archive to Data Access Center]",,,,,,,,,,,,,,,,,,,,,,,,,,,,,,,,,,,,,,,,,,,,,,,,,,,,"<-",,"<-",,,,,,,,,,,
"DMS-REQ-0191 04 Archive to Data Access Center Network Secondary Link [Requirements::System Requirements::LSE-61 Data Management System (DMS) Requirements::4 Facilities::8 Archive to Data Access Center]",,,,,,,,,,,,,,,,,,,,,,,,,,,,,,,,,,,,,,,,,,,,,,,,,,,,"<-",,"<-",,,,,,,,,,,
"DMS-REQ-0122 03 Access to catalogs for external Level 3 processing [Requirements::System Requirements::LSE-61 Data Management System (DMS) Requirements::4 Facilities::9 Data Access Center]",,,,,,,,,,,"<-","<-",,"<-","<-",,,,,,,,,,,,,,"<-",,"<-",,,,,,,,,,,,,,,,,,,,,,,,,,,,,,,,,,
"DMS-REQ-0123 05 Access to input catalogs for DAC-based Level 3 processing [Requirements::System Requirements::LSE-61 Data Management System (DMS) Requirements::4 Facilities::9 Data Access Center]",,,,,,,,,,,"<-","<-",,"<-","<-","<-","<-","<-",,,,,,,,,,,"<-",,"<-","<-","<-","<-",,,,,,,,,,,,,,"<-",,,,,,,,,,,,,"<-","<-",,,
"DMS-REQ-0124 07 Federation with external catalogs [Requirements::System Requirements::LSE-61 Data Management System (DMS) Requirements::4 Facilities::9 Data Access Center]",,,,,,,,,,,,,,,,"<-","<-","<-",,,,,,,,,,,,,,"<-","<-","<-",,,,,,,,,,,,,,,,,,,,,,,,,,,,,,,
"DMS-REQ-0126 04 Access to images for external Level 3 processing [Requirements::System Requirements::LSE-61 Data Management System (DMS) Requirements::4 Facilities::9 Data Access Center]",,,,,,,,,,,"<-","<-",,"<-","<-",,,,,,,,,,,,,,"<-",,"<-",,,,,,,,,,,,,,,,,,,,,,,,,,,,,,,,,,
"DMS-REQ-0127 06 Access to input images for DAC-based Level 3 processing [Requirements::System Requirements::LSE-61 Data Management System (DMS) Requirements::4 Facilities::9 Data Access Center]",,,,,,,,,,,"<-","<-",,"<-","<-","<-","<-","<-",,,,,,,,,,,"<-",,"<-","<-","<-","<-",,,,,,,,,,,,,,,,"<-",,,,,,,,,,,"<-","<-",,,
"DMS-REQ-0193 01 Data Access Centers [Requirements::System Requirements::LSE-61 Data Management System (DMS) Requirements::4 Facilities::9 Data Access Center]",,,,,,,,,,,"<-",,,,,"<-","<-","<-",,,,,,,,,,,,,,"<-","<-","<-",,,,,,,,,,,,,,,,,,,"<-","<-",,"<-","<-",,,,"<-","<-",,,
"DMS-REQ-0194 02 Data Access Center Simultaneous Connections [Requirements::System Requirements::LSE-61 Data Management System (DMS) Requirements::4 Facilities::9 Data Access Center]",,,,,,,,,,,,,,,,"<-","<-","<-",,,,,,,,,,,,,,"<-","<-","<-",,,,,,,,,,,,,,,,,,,"<-","<-",,,,,,,"<-","<-",,,
"DMS-REQ-0196 08 Data Access Center Geographical Distribution [Requirements::System Requirements::LSE-61 Data Management System (DMS) Requirements::4 Facilities::9 Data Access Center]",,,,,,,,,,,,,,,,,,,,,,,,,,,,,,,,,,,,,,,,,,,,,,,,,,,,,,,,"<-","<-",,,,"<-","<-",,,
"DMS-REQ-0197 09 No Limit on Data Access Centers [Requirements::System Requirements::LSE-61 Data Management System (DMS) Requirements::4 Facilities::9 Data Access Center]",,,,,,,,,,,,"<-",,"<-","<-","<-","<-","<-",,,,,,,,,,,"<-",,"<-","<-","<-","<-",,,,,,,,,,,,,,,,,,,,,,,,,,,,,,,
"CA-DM-DAQ-ICD-0051 Crosstalk Correction [Requirements::Interface Requirements::LSE-68: Camera Data Acquisition Interface]",,,,,,,,,,,,,,,,,,,,,,,,,,,,,,,,,,,,,,,,,,,,,,,,,,,,,,,,,,,,,,,,,
"CA-DM-DAQ-ICD-0052 Correction constants for science sensors sourced by Data Management [Requirements::Interface Requirements::LSE-68: Camera Data Acquisition Interface::Crosstalk Correction]",,,,"<-",,,,,,,,,,,,,,,,,,,"<-",,,,,,,,,,,,,,,,"<-",,,,,,,,,,,,,,,,,,,,,,,,,,
"CA-DM-CON-ICD-0007 5 Provide Data Management Conditions data [Requirements::Interface Requirements::LSE-69: Interface Between the Camera and Data Management]",,,"<-",,,"<-",,,,,,,,,,,,,,,,,,,,,,,,,,,,,,,,,,,,,,,,,,,,,,,,,,,,,,,,,,"<-",
"CA-DM-CON-ICD-0008 6 Data Management Conditions data latency [Requirements::Interface Requirements::LSE-69: Interface Between the Camera and Data Management]",,,"<-",,,"<-",,,,,,,,,,,,,,,,,,,,,,,,,,,,,,,,,,,,,,,,,,,,,,,,,,,,,,,,,,"<-",
"CA-DM-CON-ICD-0013 1 Transport Camera image data [Requirements::Interface Requirements::LSE-69: Interface Between the Camera and Data Management]",,,,,,,,,,,,,,,,,,,,,,,,,,,,,,,,,,,,,,,,,,,,,,,,,,,,,,,,,,,,,,,,,
"CA-DM-CON-ICD-0014 1 Provide science sensor data [Requirements::Interface Requirements::LSE-69: Interface Between the Camera and Data Management::1 Transport Camera image data]","<-",,"<-",,,,,,,,,,,,,,,,,,,"<-",,,,,,,,,,,,,,,,,,,,,,,,,,,,,,,,,,,,,,,,,,"<-",
"CA-DM-CON-ICD-0015 2 Provide wavefront sensor data [Requirements::Interface Requirements::LSE-69: Interface Between the Camera and Data Management::1 Transport Camera image data]","<-",,"<-",,,,,,,,,,,,,,,,,,,"<-",,,,,,,,,,,,,,,,,,,,,,,,,,,,,,,,,,,,,,,,,,"<-",
"CA-DM-CON-ICD-0016 3 Provide guide sensor data [Requirements::Interface Requirements::LSE-69: Interface Between the Camera and Data Management::1 Transport Camera image data]","<-",,"<-",,,,,,,,,,,,,,,,,,,"<-",,,,,,,,,,,,,,,,,,,,,,,,,,,,,,,,,,,,,,,,,,"<-",
"CA-DM-CON-ICD-0017 4 Data Management load on image data interfaces [Requirements::Interface Requirements::LSE-69: Interface Between the Camera and Data Management::1 Transport Camera image data]","<-",,"<-",,,,,,,,,,,,,,,,,,,"<-",,,,,,,,,,,,,,,,,,,,,,,,,,,,,,,,,,,,,,,,,,"<-",
"CA-DM-CON-ICD-0019 5 Camera engineering image data archiving [Requirements::Interface Requirements::LSE-69: Interface Between the Camera and Data Management::1 Transport Camera image data]","<-",,,,,,,,,,,,,,,,,,,,,"<-",,,,,,,,,,,,,,,,,,,,,,,,,,,,,,,,,,,,"<-","<-",,,,,"<-","<-"
"OCS-DM-COM-ICD-0009 Command Set Implementation by Data Management [Requirements::Interface Requirements::LSE-72: Data Management - OCS Software Communication Interface::Data Management Device Interface::Basic Command Set]","<-",,"<-",,"<-",,,,,,,,,,,,,,,"<-","<-","<-",,"<-",,,,,,,,,,,,,,,,,,,,,,,,,,,,,,,,,,,,,,,,"<-",
"OCS-DM-COM-ICD-0010 Response to Immediate Commands [Requirements::Interface Requirements::LSE-72: Data Management - OCS Software Communication Interface::Data Management Device Interface::Basic Command Set::Command Set Implementation by Data Management]","<-",,"<-",,"<-",,,,,,,,,,,,,,,"<-","<-","<-",,"<-",,,,,,,,,,,,,,,,,,,,,,,,,,,,,,,,,,,,,,,,"<-",
"OCS-DM-COM-ICD-0003 Data Management Device Command Response Model [Requirements::Interface Requirements::LSE-72: Data Management - OCS Software Communication Interface::Data Management Device Interface::Data Management Device Command Response]","<-",,"<-",,"<-",,,,,,,,,,,,,,,"<-","<-","<-",,"<-",,,,,,,,,,,,,,,,,,,,,,,,,,,,,,,,,,,,,,,,"<-",
"OCS-DM-COM-ICD-0004 Data Management Exposed Devices [Requirements::Interface Requirements::LSE-72: Data Management - OCS Software Communication Interface::Data Management Device Interface::Device Model]","<-",,"<-",,,,,,,,,,,,,,,,,"<-",,"<-",,,,,,,,,,,,,,,,,,,,,,,,,,,,,,,,,,,,,,,,,,"<-",
"OCS-DM-COM-ICD-0005 Main Camera Archiver Device [Requirements::Interface Requirements::LSE-72: Data Management - OCS Software Communication Interface::Data Management Device Interface::Device Model::Data Management Exposed Devices]","<-",,,,,,,,,,,,,,,,,,,,,"<-",,,,,,,,,,,,,,,,,,,,,,,,,,,,,,,,,,,,,,,,,,"<-",
"OCS-DM-COM-ICD-0006 Catch-up Archiver Device [Requirements::Interface Requirements::LSE-72: Data Management - OCS Software Communication Interface::Data Management Device Interface::Device Model::Data Management Exposed Devices]","<-",,,,,,,,,,,,,,,,,,,,,"<-",,,,,,,,,,,,,,,,,,,,,,,,,,,,,,,,,,,,,,,,,,"<-",
"OCS-DM-COM-ICD-0007 Prompt Processing Device [Requirements::Interface Requirements::LSE-72: Data Management - OCS Software Communication Interface::Data Management Device Interface::Device Model::Data Management Exposed Devices]",,,"<-",,,,,,,,,,,,,,,,,,,"<-",,,,,,,,,,,,,,,,,,,,,,,,,,,,,,,,,,,,,,,,,,"<-",
"OCS-DM-COM-ICD-0008 EFD Replicator Device [Requirements::Interface Requirements::LSE-72: Data Management - OCS Software Communication Interface::Data Management Device Interface::Device Model::Data Management Exposed Devices]","<-",,,,,,,,,,,,,,,,,,,"<-",,,,,,,,,,,,,,,,,,,,,,,,,,,,,,,,,,,,,,,,,,,,"<-",
"OCS-DM-COM-ICD-0011 Generic Data Management Command Set Definition [Requirements::Interface Requirements::LSE-72: Data Management - OCS Software Communication Interface::Data Management Device Interface::Generic Data Management Command Set]","<-",,"<-",,"<-",,,,,,,,,,,,,,,"<-","<-","<-",,"<-",,,,,,,,,,,,,,,,,,,,,,,,,,,,,,,,,,,,,,,,,
"OCS-DM-COM-ICD-0012 configure Command [Requirements::Interface Requirements::LSE-72: Data Management - OCS Software Communication Interface::Data Management Device Interface::Generic Data Management Command Set::Generic Data Management Command Set Definition]","<-",,"<-",,"<-",,,,,,,,,,,,,,,"<-","<-","<-",,"<-",,,,,,,,,,,,,,,,,,,,,,,,,,,,,,,,,,,,,,,,,
"OCS-DM-COM-ICD-0013 configure Successful Completion Response [Requirements::Interface Requirements::LSE-72: Data Management - OCS Software Communication Interface::Data Management Device Interface::Generic Data Management Command Set::Generic Data Management Command Set Definition::configure Command]","<-",,"<-",,"<-",,,,,,,,,,,,,,,"<-","<-","<-",,"<-",,,,,,,,,,,,,,,,,,,,,,,,,,,,,,,,,,,,,,,,,
"OCS-DM-COM-ICD-0014 enable Command [Requirements::Interface Requirements::LSE-72: Data Management - OCS Software Communication Interface::Data Management Device Interface::Generic Data Management Command Set::Generic Data Management Command Set Definition]","<-",,"<-",,"<-",,,,,,,,,,,,,,,"<-","<-","<-",,"<-",,,,,,,,,,,,,,,,,,,,,,,,,,,,,,,,,,,,,,,,,
"OCS-DM-COM-ICD-0015 disable Command [Requirements::Interface Requirements::LSE-72: Data Management - OCS Software Communication Interface::Data Management Device Interface::Generic Data Management Command Set::Generic Data Management Command Set Definition]","<-",,"<-",,"<-",,,,,,,,,,,,,,,"<-","<-","<-",,"<-",,,,,,,,,,,,,,,,,,,,,,,,,,,,,,,,,,,,,,,,,
"OCS-DM-COM-ICD-0017 Data Management Telemetry Interface Model [Requirements::Interface Requirements::LSE-72: Data Management - OCS Software Communication Interface::Data Management Telemetry Interface]",,,,,,"<-",,,,,,,,,,,,,,,,,,,,,,,,,,,,,,,,,,,,,,,,,,,,,,,,,,,,,,,,,,"<-",
"OCS-DM-COM-ICD-0018 Data Management Telemetry Time Stamp [Requirements::Interface Requirements::LSE-72: Data Management - OCS Software Communication Interface::Data Management Telemetry Interface::Data Management Telemetry Interface Model]",,,,,,"<-",,,,,,,,,,,,,,,,,,,,,,,,,,,,,,,,,,,,,,,,,,,,,,,,,,,,,,,,,,"<-",
"OCS-DM-COM-ICD-0019 Data Management Events and Telemetry Required by the OCS [Requirements::Interface Requirements::LSE-72: Data Management - OCS Software Communication Interface::Data Management Telemetry Interface::Data Management Telemetry Interface Model]",,,,,,"<-",,,,,,,,,,,,,,,,,,,,,,,,,,,,,,,,,,,,,,,,,,,,,,,,,,,,,,,,,,"<-",
"OCS-DM-COM-ICD-0020 Image and Visit Processing and Archiving Status [Requirements::Interface Requirements::LSE-72: Data Management - OCS Software Communication Interface::Data Management Telemetry Interface::Data Management Telemetry Interface Model::Data Management Events and Telemetry Required by the OCS]",,,,,,"<-",,,,,,,,,,,,,,,,,,,,,,,,,,,,,,,,,,,,,,,,,,,,,,,,,,,,,,,,,,"<-",
"OCS-DM-COM-ICD-0021 Data Quality Metrics [Requirements::Interface Requirements::LSE-72: Data Management - OCS Software Communication Interface::Data Management Telemetry Interface::Data Management Telemetry Interface Model::Data Management Events and Telemetry Required by the OCS]",,,,,,"<-",,,,,,,,,,,,,,,,,,,,,,,,,,,,,,,,,,,,,,,,,,,,,,,,,,,,,,,,,,"<-",
"OCS-DM-COM-ICD-0022 System Health Metrics [Requirements::Interface Requirements::LSE-72: Data Management - OCS Software Communication Interface::Data Management Telemetry Interface::Data Management Telemetry Interface Model::Data Management Events and Telemetry Required by the OCS]",,,,,,"<-",,,,,,,,,,,,,,,,,,,,,,,,,,,,,,,,,,,,,,,,,,,,,,,,,,,,,,,,,,"<-",
"OCS-DM-COM-ICD-0025 Expected Load of Queries from DM [Requirements::Interface Requirements::LSE-72: Data Management - OCS Software Communication Interface::Engineering and Facilities Database (Telemetry) Query Interface]","<-",,,,,,,,,,,,,,,,,,,"<-",,,,,,,,,,,,,,,,,,,,,,,,,,,,,,,,,,,,,,,,,,,,"<-",
"OCS-DM-COM-ICD-0026 Engineering and Facilities Database Archiving by Data Management [Requirements::Interface Requirements::LSE-72: Data Management - OCS Software Communication Interface::Engineering and Facilities Database Archiving]","<-",,,,,,,,,,,,,,,,,,,"<-",,,,,,,,,,,,,,,,,,,,,,,,,,,,,,,,,,,,,,,,,,,,"<-",
"OCS-DM-COM-ICD-0027 Multiple Physically Separated Copies [Requirements::Interface Requirements::LSE-72: Data Management - OCS Software Communication Interface::Engineering and Facilities Database Archiving]","<-",,,,,,,,,,,,,,,,,,,"<-",,,,,,,,,,,,,,,,,,,,,,,,,,,,,,,,,,,,"<-","<-","<-","<-",,,,,"<-",
"OCS-DM-COM-ICD-0028 Expected Data Volume [Requirements::Interface Requirements::LSE-72: Data Management - OCS Software Communication Interface::Engineering and Facilities Database Archiving]","<-",,,,,,,,,,,,,,,,,,,"<-",,,,,,,,,,,,,,,,,,,,,,,,,,,,,,,,,,,,,,"<-","<-",,,,,"<-",
"OCS-DM-COM-ICD-0029 Archive Latency [Requirements::Interface Requirements::LSE-72: Data Management - OCS Software Communication Interface::Engineering and Facilities Database Archiving]","<-",,,,,,,,,,,,,,,,,,,"<-",,,,,,,,,,,,,,,,,,,,,,,,,,,,,,,,,,,,,,"<-","<-",,"<-","<-",,,
"OCS-DM-COM-ICD-0030 Replication Interface [Requirements::Interface Requirements::LSE-72: Data Management - OCS Software Communication Interface::Engineering and Facilities Database Archiving]","<-",,,,,,,,,,,,,,,,,,,"<-",,,,,,,,,,,,,,,,,,,,,,,,,,,,,,,,,,,,,,"<-","<-",,,,,"<-",
"DM-TS-CON-ICD-0002 02 Timing [Requirements::Interface Requirements::LSE-75: Data Interfaces between the Telescope and Data Management::LSE-75: Data Interfaces between the Telescope and Data Management::01 Delivery of the WCS solutions]",,,"<-",,,"<-",,,,,,,,,,,,,,,,"<-",,,,,,,,,,,,,,,,,,,,,,,,,,,,,,,,,,,,,,,,,,"<-",
"DM-TS-CON-ICD-0011 01 Data Format [Requirements::Interface Requirements::LSE-75: Data Interfaces between the Telescope and Data Management::LSE-75: Data Interfaces between the Telescope and Data Management::01 Delivery of the WCS solutions]",,,"<-",,,"<-",,,,,,,,,,,,,,,,,,,,,,,,,,,,,,,,,,,,,,,,,,,,,,,,,,,,,,,,,,"<-",
"DM-TS-CON-ICD-0006 01 Data [Requirements::Interface Requirements::LSE-75: Data Interfaces between the Telescope and Data Management::LSE-75: Data Interfaces between the Telescope and Data Management::02 Delivery of PSF information]",,,"<-",,,"<-",,,,,,,,,,,,,,,,,,,,,,,,,,,,,,,,,,,,,,,,,,,,,,,,,,,,,,,,,,"<-",
"DM-TS-CON-ICD-0007 02 Timing [Requirements::Interface Requirements::LSE-75: Data Interfaces between the Telescope and Data Management::LSE-75: Data Interfaces between the Telescope and Data Management::02 Delivery of PSF information]",,,"<-",,,"<-",,,,,,,,,,,,,,,,"<-",,,,,,,,,,,,,,,,,,,,,,,,,,,,,,,,,,,,,,,,,,"<-",
"DM-TS-CON-ICD-0008 01 LSST Stack Availability [Requirements::Interface Requirements::LSE-75: Data Interfaces between the Telescope and Data Management::LSE-75: Data Interfaces between the Telescope and Data Management::03 Instrument Signature Removal]",,,,,,,,,,,,,,,,,,,,,,,,,,,,,,,,,,,,,,,,,,,,"<-",,,,,,,,,,,,,,,,,,,,,
"DM-TS-CON-ICD-0009 02 Calibration Data Products [Requirements::Interface Requirements::LSE-75: Data Interfaces between the Telescope and Data Management::LSE-75: Data Interfaces between the Telescope and Data Management::03 Instrument Signature Removal]",,,,"<-",,,,,,,,,,,,,,,,,,,,,,,,,,,,,,,,,,,,,,,,,,,,,,,,,,,,,,,,,,,,"<-",
"DM-TS-CON-ICD-0004 01 Use OCS for data transport [Requirements::Interface Requirements::LSE-75: Data Interfaces between the Telescope and Data Management::LSE-75: Data Interfaces between the Telescope and Data Management::06 Telemetry]",,,,,,"<-",,,,,,,,,,,,,,,,,,,,,,,,,,,,,,,,,,,,,,,,,,,,,,,,,,,,,,,,,,"<-",
"DM-TS-CON-ICD-0003 05 Wavefront image archive access [Requirements::Interface Requirements::LSE-75: Data Interfaces between the Telescope and Data Management::LSE-75: Data Interfaces between the Telescope and Data Management]",,,,"<-",,,,,,,,,,,,,,,,,,,"<-",,,,,,,,,,,,,,,,,,,,,,,,,,,,,,,,,"<-","<-","<-","<-",,,,"<-","<-",
"EP-DM-CON-ICD-0001 US DAC Provides EPO Interface [Requirements::Interface Requirements::LSE-131: Interface Requirements Between Data Management and EPO]",,,,,,,,,,,"<-",,,,,,,,,,,,,,,,,,,,,,,,,,,,,,,,,,,,,,,,,,,,,,"<-",,,,,"<-",,,
"EP-DM-CON-ICD-0002 EPO Authorized User of DM Science Database [Requirements::Interface Requirements::LSE-131: Interface Requirements Between Data Management and EPO]",,,,,,,,,,,,,,,,,,,,,,,,,,,,,,,,,,,,,,,,,,,,,,,,,,,,,,,,,,,,,,"<-",,,
"EP-DM-CON-ICD-0004 Annual DM Transfer of Catalog Tabular Data to EPO [Requirements::Interface Requirements::LSE-131: Interface Requirements Between Data Management and EPO]",,,,,,,,,,,"<-",,,,,,,,,,,,,,,,,,,,,,,,,,,,,,,,,,,,,,,,,,,,,,,,,,,,,,
"EP-DM-CON-ICD-0009 Catalog Format From DM [Requirements::Interface Requirements::LSE-131: Interface Requirements Between Data Management and EPO]",,,,,,,,,,,"<-",,,,,,,,,,,,,,,,,,,,,,,,,,,,,,,,,,,,,,,,,,,,,,,,,,,,,,
"EP-DM-CON-ICD-0013 Visualization Image Metadata Standard [Requirements::Interface Requirements::LSE-131: Interface Requirements Between Data Management and EPO]",,,,,,,,,,,,,,,,,,"<-",,,,,,,,,,,,,,,,"<-","<-",,,,,,,,"<-",,,,,,,"<-",,,,,,,,,,,,,,,
"EP-DM-CON-ICD-0014 Color Co-Add Image Format [Requirements::Interface Requirements::LSE-131: Interface Requirements Between Data Management and EPO]",,,,,,,,,,,"<-",,,,,,,,,,,,,,,,,,,,,,,,,,,,,,,,"<-",,,,,,,,,,,,,,,,,,,,,,
"EP-DM-CON-ICD-0019 DM to EPO Transfer Witihin 30-days of Data Release [Requirements::Interface Requirements::LSE-131: Interface Requirements Between Data Management and EPO]",,,,,,,,,,,"<-",,,,,,,,,,,,,,,,,,,,,,,,,,,,,,,,,,,,,,,,,,,,,,,,,,,,,,
"EP-DM-CON-ICD-0021 Annual DM Transfer of Color Co-Add Images to EPO [Requirements::Interface Requirements::LSE-131: Interface Requirements Between Data Management and EPO]",,,,,,,,,,,"<-",,,,,,,,,,,,,,,,,,,,,,,,,,,,,,,,,,,,,,,,,,,,,,,,,,,,,,
"EP-DM-CON-ICD-0022 Annual DM Transfer of UGRIZY+Panchromatic Co-Add Images to EPO [Requirements::Interface Requirements::LSE-131: Interface Requirements Between Data Management and EPO]",,,,,,,,,,,"<-",,,,,,,,,,,,,,,,,,,,,,,,,,,,,,,,,,,,,,,,,,,,,,,,,,,,,,
"EP-DM-CON-ICD-0023 Nightly DM Transfer of Processed Visit Images (PVI)-Based Images to EPO [Requirements::Interface Requirements::LSE-131: Interface Requirements Between Data Management and EPO]",,,,,,,,,,,"<-",,,,,,,,,,,,,,,,,,,,,,,,"<-",,,,,,,,,,,,,,,,,,,,,,,,,,,,,,"<-"
"EP-DM-CON-ICD-0034 Citizen Science Data [Requirements::Interface Requirements::LSE-131: Interface Requirements Between Data Management and EPO]",,,,,,,,,,,,,,,,,,"<-",,,,,,,,,,,,,,,,"<-",,,,,,,,,,,,,,"<-",,"<-",,,,,,,,,,,,"<-",,,
